-- MySQL dump 10.17  Distrib 10.3.22-MariaDB, for debian-linux-gnu (x86_64)
--
-- Host: localhost    Database: SuenoDorado
-- ------------------------------------------------------
-- Server version	10.3.22-MariaDB-0+deb10u1

/*!40101 SET @OLD_CHARACTER_SET_CLIENT=@@CHARACTER_SET_CLIENT */;
/*!40101 SET @OLD_CHARACTER_SET_RESULTS=@@CHARACTER_SET_RESULTS */;
/*!40101 SET @OLD_COLLATION_CONNECTION=@@COLLATION_CONNECTION */;
/*!40101 SET NAMES utf8mb4 */;
/*!40103 SET @OLD_TIME_ZONE=@@TIME_ZONE */;
/*!40103 SET TIME_ZONE='+00:00' */;
/*!40014 SET @OLD_UNIQUE_CHECKS=@@UNIQUE_CHECKS, UNIQUE_CHECKS=0 */;
/*!40014 SET @OLD_FOREIGN_KEY_CHECKS=@@FOREIGN_KEY_CHECKS, FOREIGN_KEY_CHECKS=0 */;
/*!40101 SET @OLD_SQL_MODE=@@SQL_MODE, SQL_MODE='NO_AUTO_VALUE_ON_ZERO' */;
/*!40111 SET @OLD_SQL_NOTES=@@SQL_NOTES, SQL_NOTES=0 */;

--
-- Table structure for table `eventos`
--

DROP TABLE IF EXISTS `eventos`;
/*!40101 SET @saved_cs_client     = @@character_set_client */;
/*!40101 SET character_set_client = utf8 */;
CREATE TABLE `eventos` (
  `id` int(11) NOT NULL AUTO_INCREMENT,
  `nombre` varchar(255) COLLATE utf8mb4_unicode_ci NOT NULL,
  `fecha` date NOT NULL,
  `descripcion` varchar(255) COLLATE utf8mb4_unicode_ci NOT NULL,
  `duracion_inicio` time NOT NULL,
  `duracion_fin` time NOT NULL,
  PRIMARY KEY (`id`)
) ENGINE=InnoDB AUTO_INCREMENT=3 DEFAULT CHARSET=utf8mb4 COLLATE=utf8mb4_unicode_ci;
/*!40101 SET character_set_client = @saved_cs_client */;

--
-- Dumping data for table `eventos`
--

LOCK TABLES `eventos` WRITE;
/*!40000 ALTER TABLE `eventos` DISABLE KEYS */;
INSERT INTO `eventos` VALUES (1,'noche de merecimiento','2020-01-22','auditorio puerta del norte','19:00:00','21:00:00'),(2,'Acompañamiento a socios','2020-01-23','cc puerta del norte etapa 1','14:00:00','18:00:00');
/*!40000 ALTER TABLE `eventos` ENABLE KEYS */;
UNLOCK TABLES;

--
-- Table structure for table `moneda`
--

DROP TABLE IF EXISTS `moneda`;
/*!40101 SET @saved_cs_client     = @@character_set_client */;
/*!40101 SET character_set_client = utf8 */;
CREATE TABLE `moneda` (
  `id` int(11) NOT NULL AUTO_INCREMENT,
  `dueño_id` int(11) DEFAULT NULL,
  `veces_recibidas` int(11) NOT NULL,
  `rango` int(11) NOT NULL,
  `dono` tinyint(1) NOT NULL,
  PRIMARY KEY (`id`),
  KEY `IDX_B00B2B2D9A268E79` (`dueño_id`),
  CONSTRAINT `FK_B00B2B2D9A268E79` FOREIGN KEY (`dueño_id`) REFERENCES `user` (`id`)
) ENGINE=InnoDB AUTO_INCREMENT=198 DEFAULT CHARSET=utf8mb4 COLLATE=utf8mb4_unicode_ci;
/*!40101 SET character_set_client = @saved_cs_client */;

--
-- Dumping data for table `moneda`
--

LOCK TABLES `moneda` WRITE;
/*!40000 ALTER TABLE `moneda` DISABLE KEYS */;
INSERT INTO `moneda` VALUES (4,6,0,3,1),(11,13,0,3,1),(13,176,0,1,1),(14,177,0,0,0),(15,178,0,0,0),(17,22,0,0,0),(18,179,0,0,0),(19,40,0,1,1),(20,6,0,1,1),(21,6,0,3,1),(25,75,0,3,1),(26,73,0,3,1),(27,12,0,2,1),(28,86,0,1,1),(29,136,0,1,1),(30,250,0,1,1),(31,228,0,0,1),(32,24,0,2,1),(33,63,0,2,1),(35,225,0,1,1),(36,130,0,3,1),(37,24,0,3,1),(40,94,0,2,1),(41,249,0,2,1),(42,23,0,2,1),(43,276,0,2,1),(44,87,0,3,1),(45,10,0,3,1),(46,71,0,2,1),(47,147,0,2,1),(48,11,0,2,1),(49,106,0,1,1),(51,104,0,1,1),(52,100,0,1,1),(53,125,0,1,1),(54,13,0,2,1),(55,110,0,1,1),(56,19,0,2,1),(57,262,0,3,1),(58,39,0,1,1),(59,146,0,2,1),(60,261,0,1,1),(61,59,0,3,1),(62,101,0,3,1),(63,229,0,3,1),(64,229,0,3,1),(65,229,0,2,1),(66,62,0,2,1),(67,62,0,1,1),(68,62,0,1,1),(69,180,0,1,1),(70,274,0,3,1),(71,159,0,1,1),(72,27,0,3,1),(73,107,0,1,1),(74,103,0,3,1),(75,98,0,2,1),(76,98,0,1,1),(77,102,0,1,1),(78,264,0,2,1),(79,286,0,2,1),(80,139,0,2,1),(81,41,0,3,1),(82,181,0,2,1),(83,88,0,1,1),(84,211,0,2,1),(85,201,0,1,1),(86,270,0,3,1),(87,206,0,1,1),(88,285,0,3,1),(89,252,0,3,1),(90,89,0,1,1),(91,275,0,3,1),(92,213,0,1,1),(93,199,0,2,1),(94,73,0,3,1),(95,73,0,1,1),(96,207,0,2,1),(97,54,0,1,1),(98,284,0,2,1),(100,65,0,2,1),(101,266,0,2,1),(102,118,0,3,1),(103,218,0,2,1),(104,166,0,1,1),(105,74,0,1,1),(106,128,0,2,1),(107,216,0,1,1),(108,4,0,3,1),(109,4,0,2,1),(110,4,0,2,1),(111,133,0,1,1),(112,14,0,3,1),(113,14,0,1,1),(114,288,0,1,1),(115,158,0,3,1),(116,236,0,1,1),(117,258,0,1,1),(118,135,0,2,1),(119,209,0,3,1),(120,265,0,2,1),(121,153,0,1,1),(122,232,0,1,1),(123,182,0,2,1),(124,205,0,1,1),(125,49,0,3,1),(126,230,0,1,1),(127,108,0,1,1),(128,46,0,3,1),(129,105,0,3,1),(130,174,0,2,1),(131,224,0,2,1),(132,215,0,2,1),(133,257,0,1,1),(134,60,0,1,1),(135,244,0,0,0),(136,160,0,1,1),(137,263,0,2,1),(138,227,0,2,1),(139,165,0,2,1),(140,45,0,3,1),(141,6,0,2,0),(142,134,0,2,1),(143,251,0,2,1),(144,168,0,3,1),(146,20,0,2,1),(147,192,0,1,1),(148,127,0,2,1),(149,117,0,3,1),(150,124,0,2,1),(151,271,0,1,1),(152,119,0,2,1),(153,300,0,2,1),(154,138,0,2,1),(155,77,0,2,1),(158,143,0,2,1),(159,172,0,2,1),(160,61,0,1,1),(161,233,0,3,1),(162,58,0,3,1),(163,241,0,1,1),(164,320,0,1,1),(165,52,0,1,1),(166,273,0,3,1),(167,28,0,4,1),(168,35,0,1,1),(169,97,0,3,1),(170,12,0,1,1),(171,314,0,3,1),(172,344,0,1,1),(173,329,0,3,1),(174,323,0,2,1),(175,280,0,2,1),(176,326,0,2,1),(177,299,0,2,1),(178,297,0,2,1),(179,342,0,3,0),(180,348,0,1,0),(181,7,0,1,0),(182,5,0,2,1),(183,5,0,1,1),(184,5,0,1,1),(185,355,0,1,1),(186,333,0,1,1),(187,358,0,1,1),(188,79,0,3,1),(190,150,0,1,1),(191,184,0,1,1),(192,36,0,2,1),(193,447,0,1,1),(195,459,0,1,1),(196,375,0,1,1),(197,73,0,0,0);
/*!40000 ALTER TABLE `moneda` ENABLE KEYS */;
UNLOCK TABLES;

--
-- Table structure for table `moneda_apoyo`
--

DROP TABLE IF EXISTS `moneda_apoyo`;
/*!40101 SET @saved_cs_client     = @@character_set_client */;
/*!40101 SET character_set_client = utf8 */;
CREATE TABLE `moneda_apoyo` (
  `id` int(11) NOT NULL AUTO_INCREMENT,
  `moneda_id` int(11) DEFAULT NULL,
  `moneda_dapoyo_id` int(11) DEFAULT NULL,
  PRIMARY KEY (`id`),
  KEY `IDX_FC70A667B77634D2` (`moneda_id`),
  KEY `IDX_FC70A6676A0E16BB` (`moneda_dapoyo_id`),
  CONSTRAINT `FK_FC70A6676A0E16BB` FOREIGN KEY (`moneda_dapoyo_id`) REFERENCES `moneda` (`id`),
  CONSTRAINT `FK_FC70A667B77634D2` FOREIGN KEY (`moneda_id`) REFERENCES `moneda` (`id`)
) ENGINE=InnoDB AUTO_INCREMENT=11 DEFAULT CHARSET=utf8mb4 COLLATE=utf8mb4_unicode_ci;
/*!40101 SET character_set_client = @saved_cs_client */;

--
-- Dumping data for table `moneda_apoyo`
--

LOCK TABLES `moneda_apoyo` WRITE;
/*!40000 ALTER TABLE `moneda_apoyo` DISABLE KEYS */;
INSERT INTO `moneda_apoyo` VALUES (1,11,4),(2,13,4),(3,14,4),(4,15,4),(6,18,4),(7,19,4),(8,20,4),(9,21,4),(10,197,26);
/*!40000 ALTER TABLE `moneda_apoyo` ENABLE KEYS */;
UNLOCK TABLES;

--
-- Table structure for table `moneda_moneda`
--

DROP TABLE IF EXISTS `moneda_moneda`;
/*!40101 SET @saved_cs_client     = @@character_set_client */;
/*!40101 SET character_set_client = utf8 */;
CREATE TABLE `moneda_moneda` (
  `id` int(11) NOT NULL AUTO_INCREMENT,
  `moneda_propietario_id` int(11) DEFAULT NULL,
  `moneda_invitado_id` int(11) DEFAULT NULL,
  PRIMARY KEY (`id`),
  KEY `IDX_E09B1E8CEA016743` (`moneda_propietario_id`),
  KEY `IDX_E09B1E8C434F7571` (`moneda_invitado_id`),
  CONSTRAINT `FK_E09B1E8C434F7571` FOREIGN KEY (`moneda_invitado_id`) REFERENCES `moneda` (`id`),
  CONSTRAINT `FK_E09B1E8CEA016743` FOREIGN KEY (`moneda_propietario_id`) REFERENCES `moneda` (`id`)
) ENGINE=InnoDB AUTO_INCREMENT=67 DEFAULT CHARSET=utf8mb4 COLLATE=utf8mb4_unicode_ci;
/*!40101 SET character_set_client = @saved_cs_client */;

--
-- Dumping data for table `moneda_moneda`
--

LOCK TABLES `moneda_moneda` WRITE;
/*!40000 ALTER TABLE `moneda_moneda` DISABLE KEYS */;
INSERT INTO `moneda_moneda` VALUES (28,45,48),(29,45,47),(32,47,49),(33,47,51),(34,48,53),(35,48,73),(36,74,75),(37,74,78),(38,75,76),(39,75,77),(40,81,33),(41,81,82),(42,140,109),(43,140,141),(45,25,84),(46,25,103),(54,103,186),(55,103,183),(56,84,185),(57,84,187),(58,26,27),(59,26,174),(61,27,170),(62,27,195),(64,174,196),(65,174,193),(66,170,197);
/*!40000 ALTER TABLE `moneda_moneda` ENABLE KEYS */;
UNLOCK TABLES;

--
-- Table structure for table `user`
--

DROP TABLE IF EXISTS `user`;
/*!40101 SET @saved_cs_client     = @@character_set_client */;
/*!40101 SET character_set_client = utf8 */;
CREATE TABLE `user` (
  `id` int(11) NOT NULL AUTO_INCREMENT,
  `email` varchar(180) COLLATE utf8mb4_unicode_ci NOT NULL,
  `nombres` varchar(180) COLLATE utf8mb4_unicode_ci NOT NULL,
  `apellidos` varchar(180) COLLATE utf8mb4_unicode_ci NOT NULL,
  `telmovil` varchar(180) COLLATE utf8mb4_unicode_ci NOT NULL,
  `ciudad` varchar(180) COLLATE utf8mb4_unicode_ci NOT NULL,
  `pais` varchar(180) COLLATE utf8mb4_unicode_ci NOT NULL,
  `fecha_creacion` date NOT NULL,
  `roles` longtext CHARACTER SET utf8mb4 COLLATE utf8mb4_bin NOT NULL,
  `password` varchar(255) COLLATE utf8mb4_unicode_ci NOT NULL,
  PRIMARY KEY (`id`),
  UNIQUE KEY `UNIQ_8D93D649E7927C74` (`email`)
) ENGINE=InnoDB AUTO_INCREMENT=463 DEFAULT CHARSET=utf8mb4 COLLATE=utf8mb4_unicode_ci;
/*!40101 SET character_set_client = @saved_cs_client */;

--
-- Dumping data for table `user`
--

LOCK TABLES `user` WRITE;
/*!40000 ALTER TABLE `user` DISABLE KEYS */;
INSERT INTO `user` VALUES (1,'admin@suenodorado.admin','admin','root','000000','none','none','2020-01-21','[\"ROLE_ADMIN\"]','$argon2id$v=19$m=65536,t=4,p=1$RfnJQHfRV92sH3u15jTviw$7RPH3+FQrELdmwKo35mg//H0EUprqnQvv56i0W7Sq78'),(3,'mgsegurosla70@gmail.com','Manuel','Eodriguez','3233631757','Bello','Colombia','2020-01-21','[\"ROLE_ADMIN\"]','$argon2id$v=19$m=65536,t=4,p=1$AuUKjRX6avbzXXK2ae2M6w$515HRLSH/8bWHN/4cbAMpLwyNp7Md+dEGC8T/+ra8fc'),(4,'durley2303@gmail.com','Durley','Zapata','3196693733','Bello','Colombia','2020-01-21','[\"ROLE_ADMIN\"]','$argon2id$v=19$m=65536,t=4,p=1$UQzkws+at+x4KJTsPkeVDg$SB7mViNt3X1ZL3wDrcQy/z6ns0T8HTgtVJpczFwEvUU'),(5,'nelida1102k@gmail.com','Martha','Zapata Arboleda','3046426772','Bello','Colombia','2020-01-21','[\"ROLE_ADMIN\"]','$argon2id$v=19$m=65536,t=4,p=1$gznNpNsNkz9UlkKDvyYKLA$FMEAaHyKsY0qcmKHRflRnaVL8uYjWoNWDKOEgeN5/Zs'),(6,'carlosmzapataa@gmail.com','Carlos. Mario','Zapata Arboleda','3057976090','Bello','Colombia','2020-01-21','[]','$argon2id$v=19$m=65536,t=4,p=1$N/xX5EzQ/lld45RtMIcMJA$7mYkoEWkrQ6v8QpoSr/aA5f5KbwCP2eKkc8z3LCSMrY'),(7,'dana161005@gmail.com','Dora','zapata','3505834175','Bello','Colomibia','2020-01-21','[\"ROLE_USER\"]','$argon2id$v=19$m=65536,t=4,p=1$7BhUvwD1tvjQA/ndKvOS7g$yNW0lbhHz6vL7NnQ6HcxI32EvzcllPAs42vYmbkNg7I'),(8,'dahianazapata80@gmail.com','Jenifer','Valencia','3058608736','bello','colombia','2020-01-21','[]','$argon2id$v=19$m=65536,t=4,p=1$GZ1kOCHx4iWaptfR4/qeCQ$7Cn0yx8sp5ulTjDBkeGfVZ8amIjm+8/E1S0T/b7BHRo'),(10,'alejoparrandadj@gmail.com','Alejandro','Parranda','3137675985','Medellín','Colombia','2020-01-22','[]','$argon2id$v=19$m=65536,t=4,p=1$MwD6UgmlDJi/WbD62tsbaQ$KJeUWFSUVxMmJ8m517XyrdAmDDd2oDYpZvsSOCltVQg'),(11,'sebas.sonido@hotmail.com','Sebastian','Sanchez','3004685242','Bello','Colombia','2020-01-22','[]','$argon2id$v=19$m=65536,t=4,p=1$jHVGBkh4ZfFqFPnrpPLXlw$Y/J4CbHoI2AxmH+CkQKgrlIGA3xF8lw8v5qp3yMRKf8'),(12,'liney30@hotmail.com','Lina','Patiño','3023588071','Medellín','Colombia','2020-01-22','[]','$argon2id$v=19$m=65536,t=4,p=1$GH7qWrWcRJztGHiisZ+A4g$RUeDbEPu6PWfp6ujo6Smzo18vke2LhMlXDfjeT8OcAo'),(13,'oliviagranda@gmail.com','Olivia','Granda Cortés','3127849742','Medellín','Colombia','2020-01-22','[]','$argon2id$v=19$m=65536,t=4,p=1$a+K5T9UxpZFo0cFeR8+mUw$h4CsWfPCqDxK+ay7wK6/ueR/3GuDCO/hDGSWimIcTf8'),(14,'dismarcasvehiculos@hotmail.com','Diego','Sandoval','3164642822','Medellin','Colombia','2020-01-22','[]','$argon2id$v=19$m=65536,t=4,p=1$kU3YZclW4DIlhCYYTEfl8Q$bWh7Z8lY6pQqChixW3xM0TVakyrJ2gYpKMMDsChgQjA'),(15,'palao.5@hotmail.com','Orlando','Palacios García','3013905482','Medellín','Colombia','2020-01-22','[]','$argon2id$v=19$m=65536,t=4,p=1$dl+EAA/fP1ajg4DpjwBRnA$DaPfRHsrz9o5ZAMKGw27MxHeG7lFx+1yvyTiesuayTA'),(18,'juanpablohenaovasquez@gmail.com','Juan Pablo','Henao Vasquez','3042009446','Medellin','colombia','2020-01-22','[]','$argon2id$v=19$m=65536,t=4,p=1$tuwRZ5kuFcwrJgJt3N2rIQ$qsLFp1XkqRCS4ru0etnrVpFl8i2mBFs358Q5J1T7A3k'),(19,'aliciatabordap@gmail.com','Alicia','Taborda Parra','3117648039','Medellín','Colombia','2020-01-22','[]','$argon2id$v=19$m=65536,t=4,p=1$TbAC6FXOZbbMNWmy770WdA$6OwAGGZG7eP7u0jn/ZdV4ddG1o/XRB8+duAWyoUCRNU'),(20,'jpulgar82@gmail.com','Jair','Pulgarin','3054576951','Medellin','Colombia','2020-01-22','[]','$argon2id$v=19$m=65536,t=4,p=1$3Sg22aOXI8xh0exN2295/Q$OpQ80Yw0fRRokpW526GLH7WATPRNOvsm9YGuiPsGlKo'),(21,'edinsonc84@gmail.com','Edinson','Celis','3207566432','Cali','Colombia','2020-01-22','[]','$argon2id$v=19$m=65536,t=4,p=1$+ZgN0AgadibqslPbX/uh3Q$UeWA5Qn20T504ldCTPLGT4t3AehGNpgppmL4GGCCjoY'),(22,'mazocas@yahoo.es','OCTAVIO','Mazo Castañeda','3137802354','MEDELLÍN','Colombia','2020-01-22','[]','$argon2id$v=19$m=65536,t=4,p=1$lEw0riYfkXl0YYu86xSwlQ$xZnM0it2FY+86C72NBzUETi+ojY+xWQSe63OgU4PGp4'),(23,'geomos20@gmail.com','Jesus Geovani','Mosquera Ibarguen','3158646860','Bello','colombia','2020-01-22','[]','$argon2id$v=19$m=65536,t=4,p=1$b+7esWRGc9Y6V5JOE/WdrA$CFz1aEjTSp5WIPyH2I8vUvpzPz4lNHAowv8BhVuOxxs'),(24,'soycalidaddevida@gmail.com','Adriana Yasmit','Torres Ángel','3192505886','Bello','Colombia','2020-01-22','[]','$argon2id$v=19$m=65536,t=4,p=1$c1EkugT4vZ1lNA7vH7l4HA$xQyCwvoSba9DnskHQit3V4i/9PuhAVkogfVVdw8c6AI'),(25,'luzmeryzapataarboleda212@gmail.com','Luz Mery','Zapata Arboleda','3107251461','Medellín','Colombia','2020-01-22','[]','$argon2id$v=19$m=65536,t=4,p=1$9gVu02aIj5DQ/c8eaR3MJg$n6KhO+ApHe7aSPKhRrY8sT+mzzkfN1aXin8gj4tbXjM'),(26,'pablolopezudea@gmail.com','Pablo leon','Lopez Acevedoa','3154696240','Medellin','Colombia','2020-01-22','[]','$argon2id$v=19$m=65536,t=4,p=1$9igj4dMMHLyLwP87/czOuw$ajOTQT9ccgSZ/00FF8kzYALtFUcSzR+M0js/HSlchEA'),(27,'angela1985@live.com.ar','angelica','Castro hoyos','3209230192','medellin','colombia','2020-01-23','[]','$argon2id$v=19$m=65536,t=4,p=1$vxwjOzOeKdsHFDxQO/N0Ig$D6KNFkC3199tIvki8mmxhvdzLhSqBDJm2GteygGYZdE'),(28,'juancorrea1703@gmail.com','Juan fernando','Correa sepulveda','3132047072','Medellin','Colombia','2020-01-23','[]','$argon2id$v=19$m=65536,t=4,p=1$rxE0OymPhUgLDgsQgbr49Q$sxqA223quMEYSsjATTBPkjmcqVAKe3zfLh1AQmcJDss'),(29,'cristydelfin0588@hotmail.com','Cristina','Garcia','3192267671','Guarne','Colombia','2020-01-23','[]','$argon2id$v=19$m=65536,t=4,p=1$OjTJNzmQx+s9/v8DUBy+eQ$c2cAf7/M2/lytsX7I+0i0oBBUzGwnCpm4nM5EI0OQFA'),(30,'maryperli@hotmail.com','Perla','Cardona','3104198971','Bello','Colombia','2020-01-23','[]','$argon2id$v=19$m=65536,t=4,p=1$D8fabGPLMO5UAY7t5qSfpg$8uEvB6HzVhToWUrQaSm64Kl7KO8MYaSWyEKv70A/UcI'),(31,'katherine.c9112s@gmail.com','Katherine','Correa Sepulveda','3017150160','Bogota','Colombia','2020-01-23','[]','$argon2id$v=19$m=65536,t=4,p=1$qPyR/RLRDQDdkUV5zCEP2g$oK+2TcxyRgoMAwSrWyzfaESk+56SaYB99QUKlq5pVLE'),(32,'jose.menar2174@gmail.com','José ariel','Mena rubio','3137685592','Medellin','Colombia','2020-01-23','[]','$argon2id$v=19$m=65536,t=4,p=1$cGkJQ3vnwtqH1VeoCrSjQw$+5BIia7HcUE+irl+WRBuIcqG4k2+DzwAxyWBEjXFjVA'),(33,'verdie8102368@hotmail.es','Alex','Zapata Mejia','3188811130','Medellin','Colombia','2020-01-23','[]','$argon2id$v=19$m=65536,t=4,p=1$3D7v5JSPG3ermD8nfws3cg$H3aLzIgfxr34Hj4dTVFKSJLfBaQWvdE5ChdIe36yAkU'),(34,'quintero126@hotmail.com','Jorge leonardo','Quintero','3505171038','MEDELLÍN','Colombia','2020-01-23','[]','$argon2id$v=19$m=65536,t=4,p=1$01stUxLmoBvysTCkvVPx6A$dXsDRdlTOW+8Ik8w73d+Cf3GTKMeGhNPHmY7YoN3he0'),(35,'juan-fer145@hotmail.com','Juan Fernando','Monsalve Tavera','3113352866','Medellín','Colombia','2020-01-23','[]','$argon2id$v=19$m=65536,t=4,p=1$Uu7RG8q8lHRRXWVh7asu0w$lXRr9wEt4dejcEIKszJfRhJ1ktP3WTQrdX2e8y4lzEY'),(36,'katerinelegarda@gmail.com','Katerine','Legarda zapata','3122913948','Medellin','Colombia','2020-01-23','[]','$argon2id$v=19$m=65536,t=4,p=1$hmVYpvSAffzdDS1Q9ILV0g$dmyVTPXT2nywugSqGgofwnIXMrx13fFNCR9oGlTaLvE'),(37,'maritzafs98@gmail.com','Maritza','Florez','3108836369','Anori','Colombia','2020-01-23','[]','$argon2id$v=19$m=65536,t=4,p=1$FaN+dLtN0OWSc2iiNn57Sw$+PnW66vCvpvsb8GIuATLHZcxxwAdegO2Oc27iTIF/+Q'),(38,'sagudelo1895@gmail.com','Susana','Agudelo Montoya','3147295359','Medellin','Colombia','2020-01-23','[]','$argon2id$v=19$m=65536,t=4,p=1$hgQXdrLk+nVeJCs2u0AwGA$bkeyydRkjvpsOZkvmqS/bPP1DqkUDtiFzP2TDemgCIM'),(39,'anayarley2012@hotmail.com','Ana Yarley','Palacios Mosquera','3143892662','Bogotá','Colombia','2020-01-23','[]','$argon2id$v=19$m=65536,t=4,p=1$lRy1x6o+ASMPPXdlL8v7lA$x2MiqNtYsI2ishNsWYqxMtC4oV9y0y5AkqFUH95oDtQ'),(40,'nati02104@gmail.com','Nataly','Acevedo','3206321782','Medellín','Colombia','2020-01-23','[]','$argon2id$v=19$m=65536,t=4,p=1$v2XI1kSfCi3K7hhDeeHkXw$BdVoIaRjdGRoncmqPaM00xAkf1wfPtpd7d+p89YAWAc'),(41,'diamanteejecutivo03@hotmail.com','Blanca','Tobon','3116095168','Medellin','Colombia','2020-01-23','[]','$argon2id$v=19$m=65536,t=4,p=1$lmfpfM9ybJTXSCXraJchFg$LQIV6H6llMwiAwibXDgDkNDKlZkltnljctBIsIvkf+g'),(42,'munditri081973@gmail.com','samid de jesus','angel alvarez','3147231283','medellin','colombia','2020-01-23','[]','$argon2id$v=19$m=65536,t=4,p=1$4rdw29IDTHw3P9kyDJEstA$gSghDXuVm63P3rnmymfj8DASfYuedWv54ZILaRLeZYA'),(43,'marceduqe5@gmail.com','Marcela','Duque Zapata','3006134047','Bello','Colombia','2020-01-23','[]','$argon2id$v=19$m=65536,t=4,p=1$omkfB28P7CGW1s7zZ6W5eA$e15LeINI+pY9wSSAbjLjdaMruKkUfp8hpzxdPgM4/8I'),(44,'duquejhonwilmer@gmail.com','Wilmar','Duque Ossa','3043957565','Bello','Colombia','2020-01-23','[]','$argon2id$v=19$m=65536,t=4,p=1$uNjTT6xjdyNOVgtizIyNEA$u6CdCnxPisHWALvJnBmF9qri8xCfJpVlwlMniKn9iaY'),(45,'hernanlopez0307@gmail.com','Hernan','Flor','3015888504','Cali','Colombia','2020-01-23','[]','$argon2id$v=19$m=65536,t=4,p=1$N6LIRWuYNWU+Q8DP79JHLQ$lR9dA2Es9I+mUHzDMCbnzai7OHBAfv54PCCYJTCpkv0'),(46,'piipebonillas@gmail.com','Felipe','Bonilla Ceballos','3165396780','Bello','Colombia','2020-01-23','[]','$argon2id$v=19$m=65536,t=4,p=1$Rem9zPGyVRO0vX3yfg+kSA$MoAlmXbReIQHGYn0KNwnpo/FaP6WnGN0xM5/9PfSBGU'),(48,'stevenvo780@hotmail.com','steven','vallejo','3185494578','Medellin','Colombia','2020-01-23','[]','$argon2id$v=19$m=65536,t=4,p=1$UUJzyRpLj5dOBEFe1aYyuQ$g2kz1z4PS62Cv6oT+zize3M6lL4oujAr7f0IAoXeRpo'),(49,'vbolivarf@gmail.com','Fabiola','Bolivar Vásquez','3218054124','Colombia','Colombia','2020-01-23','[]','$argon2id$v=19$m=65536,t=4,p=1$3uGrxwdECJF3vQfopOUs2w$M4dGYqErlGEGX0rBiCefhLrKHega20Je2iHz02//4cM'),(51,'manuelsusuga123@ghomail.com','Manuel Salvador','Usuga Usuga','3105424266','Medellín','Colombia','2020-01-24','[]','$argon2id$v=19$m=65536,t=4,p=1$RGntqV8KcXbdkN0bup48/Q$M+Dqm08Ac+UuW7/Lg0MiIE1Ob0uT7/8jJYo9aykFcnA'),(52,'moralje2@gmail.com','Juan Esteban','Morales Alzate','3209338029','Itagui','Colombia','2020-01-24','[]','$argon2id$v=19$m=65536,t=4,p=1$Hht+wz9Pi2mWpPTCZW8wZQ$Wg94x69Tjl8l1WsQ3dEMmjVrEpuyKcY7M20k43fi+KM'),(53,'usugacarrillo3210@gmail.com','Gloria  Amparo','Carrillo Usuga','3193260390','Medellin','Colombia','2020-01-24','[]','$argon2id$v=19$m=65536,t=4,p=1$k9ar/DNaydE7WS1QND6RVg$nLrk+XrArjKr12phe/FVN8Br2KjRNBjUoV4WwdA6bAw'),(54,'ctmo3@Hotmail.com','Cindy tatiana','Martinez osorio','3046432180','Medellin','Colombia','2020-01-24','[]','$argon2id$v=19$m=65536,t=4,p=1$8JfhmzY4rUJ31UHNWxsRyg$NE4g5l4bX1KeY6aeB2Bwj69Dzh2HTFjqYCYqbUy5ShA'),(55,'wilbert.aguelo@gmail.com','Wilber Augusto','Agudelo Montoya','3014382966','Medellin','Colombia','2020-01-24','[]','$argon2id$v=19$m=65536,t=4,p=1$gK+DHiMclB2Cvz/PEXsuNQ$5W9edRTo2z8/ogm28fhX7G0Nkr5gXAyLVtEwJ2whtR0'),(56,'eulogiomazo@gmail.com','Eulogio','Mazo','3017477218','Medellín','Colombia','2020-01-24','[]','$argon2id$v=19$m=65536,t=4,p=1$w8A8Fk1XK4Jk+BK9tXhtRQ$3Gk9surYsYvuaM2LL+NBIk2Ye4+7aZ5I0rELN9MwMQ8'),(58,'juanpabloclavijo0331@gmail.com','Juan','Clavijo','3113298122','Bello','Colombia','2020-01-24','[]','$argon2id$v=19$m=65536,t=4,p=1$eB5TVwQOV0qqCdV+H1nJ0w$wsyY/Z4dxbE9S+oXJn5yZ1HKt0EnPxkiRokzUcsXNRw'),(59,'alc8407@hotmail.com','Alcides','Castillo','3105338702','Medellin','Colombia','2020-01-24','[]','$argon2id$v=19$m=65536,t=4,p=1$k6vCxorE11bHpkgNddRasA$SDmrbt1AVbRa/onu94vIMGkbd0NgLY3xntIuHk5uQGo'),(60,'guidorafaelturizovergara@hotmail.com','Guido Rafael','Turizo Vergara','3104259784','Medellin','Colombia','2020-01-24','[]','$argon2id$v=19$m=65536,t=4,p=1$ddo7J0vHS95Xj4Yv8iduWQ$N8c0Xi6DSJCNN7VZ+m4KUfW/i9kmmyIrjcBnB1XMSI8'),(61,'jorgereju91@hotmail.com','Jorge','Reyes','3136790871','Anori','Colombia','2020-01-24','[]','$argon2id$v=19$m=65536,t=4,p=1$UM0W2MM2Dtk9DIi1+OrZrA$r6Axbl4fhWIzurHWUWIFKl4KfyXwlEaDGyqNWv9BMew'),(62,'andrescamilo.85@hotmail.com','Andrés Camilo','Castaño H.z','3148678506','Medellín','Colombia','2020-01-25','[]','$argon2id$v=19$m=65536,t=4,p=1$VBHdGNE5P0PxB/hRVzJSQw$hIIPA+hs/ETIjYTEl8hLc4xrMYhumVlW05WkJCg4JR8'),(63,'albarestrepoperez@gmail.com','Alba Lucía','Restrepo perez','3113679232','Entrerrios','Colombia','2020-01-25','[]','$argon2id$v=19$m=65536,t=4,p=1$e5PltzjtiT85mMhY42ccbw$pysfZWIOjKcffLzZr/8K4pHXvZiaZJpnTsPH/ulFTrQ'),(64,'arcoajjj@gmail.com','luis isaac','acevedo','+573146215207','medellin','Colombia','2020-01-25','[]','$argon2id$v=19$m=65536,t=4,p=1$tMHeJ2iRyla2VEVpnvztJw$YrZfHAMO5cmWXGGgrgNLAakMaPLwsglMMsJqfg43Sho'),(65,'criszapata2612@gmil.com','Crisceida','Zapata arboleda','3102898685','Anori antiquia','Colombia','2020-01-26','[\"ROLE_USER\"]','$argon2id$v=19$m=65536,t=4,p=1$c/PxHliF0qt8+nONrgTdgA$5I3hS+5krSGyH1Gvl3uQZ937k3Sxx4xaOsNKU5pH/0M'),(71,'alexflorez13@hotmail.com','Alexander de jesus','Florez ospina','3107899565','Medellin','Colombia','2020-01-27','[]','$argon2id$v=19$m=65536,t=4,p=1$1CG1Vo0a8ePY/K1FiHTYDA$h06IbJjLc1NiqNXUfHLLVeEL5hvHYL2AOUIm6zvO9ko'),(72,'mariafilomenamosquerasantos@gmail.com','María filomena','Mosquera santos','3103809224','Medellín','Colombia','2020-01-28','[]','$argon2id$v=19$m=65536,t=4,p=1$8l2wQv/bV/9vhFhAFNO0Zg$kbnftSrsYxH3j345GsfUXId1+Y5e1dXOXpwjmmWuxME'),(73,'valderramasuarez@gmail.com','Álvaro','Valderrama Suarez','3186292840','Medellin','Colombia','2020-01-28','[]','$argon2id$v=19$m=65536,t=4,p=1$ue5FzXEz9LvcFZknoGB9Fg$1+p04nm6XA0SiFCZ6/EFXK95FSjVvGhjzMKiUkgMmxw'),(74,'mazoortega@hotmail.com','Daniel','Mazo','3206802372','Medellín','Colombia','2020-01-28','[]','$argon2id$v=19$m=65536,t=4,p=1$TMJm6hYyUe+voRbwp7R9Hw$UfppiYVQm/A0V728G9EIotbAm6KJUE+MulThHjk2DVA'),(75,'avides65@hotmail.com','Álvaro Ernesto','Vides Sotelo','3122712020','Bello','Colombia','2020-01-28','[]','$argon2id$v=19$m=65536,t=4,p=1$pFQGApc+aecZOupRYKNJyA$IGpkECikTdQdH2MlHTK5wYqbbN6mFe6LOzaLK7I58mA'),(77,'jimmytabares04@gmail.com','Jimmy andres','Tabares gomez','3046331617','Medellín','Colombia','2020-01-28','[]','$argon2id$v=19$m=65536,t=4,p=1$yqcFUbmvPHl6B409uyJqhg$BpHdwNsDjavx+/Xt2Jy7lR7eGpxp5ri0qn5ED46z/C4'),(79,'erikaradiaz9755@gmail.com','Juliana','Ramírez Díaz','3135272300','Medellín','Colombia','2020-01-28','[]','$argon2id$v=19$m=65536,t=4,p=1$ONVjq3uX2Zmr0/SDVUb19w$2zNwqz2t2huoYxvCNsTS6IMNDyaMBFNTN6e73gSkoZw'),(80,'sbb_25@hotmail.com','Steven','Bustamante Buitrago','3217164052','Medellín','Colombia','2020-01-28','[]','$argon2id$v=19$m=65536,t=4,p=1$paZHAoiLVaJEQGl0vFIOSg$DKfKHXhczMJhHRranHHTETx+JxepCoNA/nXU8um1fhM'),(81,'consuelodiazusma@gmail.com','Nora','Diaz usma','3215986987','Medellin','Colombia','2020-01-28','[]','$argon2id$v=19$m=65536,t=4,p=1$HheG3RY67y2eGssr9x6vPw$T8h6mfYsqFvXMZn4x4PA8rKK7E78uVeGpPKAglMK/lY'),(82,'ranrami123@hotmail.com','Ramiro','Ramirez rodriguez','3128394483','Medellin','Colombia','2020-01-28','[]','$argon2id$v=19$m=65536,t=4,p=1$SYKiH055Mjc8HxaKvsHa5w$ltb/xn7q6JGcqr/wz69g2HRSSGVMncw2rgXCMfVBgqY'),(83,'arbelaezsergio@gmail.com','Sergio','Arbelaez','3128068647','Itagui','Colombia','2020-01-28','[]','$argon2id$v=19$m=65536,t=4,p=1$QkqvNJe7Z83+wl24+G3+ow$LgnZl1JaN1k2QAfAGwgusinLImMZX4GpPkXyTbQ+UBU'),(84,'andris.1013@hotmail.com','Viviana Andrea','Alvarez Londoño','3182818025','Medellin','Colombia','2020-01-28','[]','$argon2id$v=19$m=65536,t=4,p=1$KgHtyfwNRDoWUWT8mz4Yjg$J68NnijoRbB80vdX0AXSUXm38VsbmM3VLmzfGkjTbRM'),(85,'marllypaisa@hotmail.com','Marlly','Arango jurado','3217706984','Medellin','Colombia','2020-01-28','[]','$argon2id$v=19$m=65536,t=4,p=1$wmvhuK8L9KuTVtD1HlStWA$v8ebe/DCAfI98AAO0gGiibun7onMTqZvqLJa1+Lj680'),(86,'magudeloisaza@gmail.com','Maria Alejandra','Agudelo Isaza','3168079059','Medellín','Colombia','2020-01-28','[]','$argon2id$v=19$m=65536,t=4,p=1$UwIf3urOP2Q2Ne8Sw4ha7A$7Wajj/8Vo+um1pxMDC3FjBoKgOZSHFQnYQ+wM0+9WVs'),(87,'olmedote1984@gmail.com','Alejandro olmedo','Valencia alvarez','3002012811','Medellín','Colombia','2020-01-28','[]','$argon2id$v=19$m=65536,t=4,p=1$gs2h1cnilhyVTKEu0DPIjA$wwceX2+TEzAyVk+6Aqq/5wGOeW6koXl1WZ6dnex8v14'),(88,'bleiberms@gmail.com','Bleiber','Moreno Solorzano','3234582805','Medellín','Colombia','2020-01-28','[]','$argon2id$v=19$m=65536,t=4,p=1$lqTFqrwVVmEPziwdXjThkw$vdOItHZ35z6SJZ178VZX0ctEiFL157WRhDfoTVizs4s'),(89,'aguirremontoyacarolina@gmail.com','Carolina','Aguirre Montoya','3233117070','Sabaneta','Colombia','2020-01-28','[]','$argon2id$v=19$m=65536,t=4,p=1$KD68DtaMpa+w7dGhrxDb2Q$kpi1ohfuoD5Pj6Z7zQGImOlZEVvlbOxH1BqUxOMPZ9Y'),(91,'diegoalejandrolg2002@gmail.com','Alejandro','Lopera','3003205129','Sabaneta','Colombia','2020-01-28','[]','$argon2id$v=19$m=65536,t=4,p=1$FFo37gI6yN6KLO+22Rfdhg$SO4osTkMCaYh8NqZnldqb3MFIzBVH4hQ/feG+gj4iTM'),(92,'martacm62@hotmail.com','Martha dolly','Eballos moncada','3108229338','Medellin','Colombia','2020-01-28','[]','$argon2id$v=19$m=65536,t=4,p=1$hMrVpgB2y4H1ifX5UaYvaQ$A9pF3Q2nCuV+gUQqekqBCAuANZC2x95ih7P47InoD/Q'),(93,'dianaisabelgranda@hotmail.com','Lucia','Ochoa','3147927685','Sabaneta','Colombia','2020-01-28','[]','$argon2id$v=19$m=65536,t=4,p=1$1iN7DLn6HKi5sTDKQ1HZDA$Yjm4uyGWSnbFfu4MZ89CYko2ZnKTUvte5rorKzZZD4U'),(94,'lejax.rivera@gmail.com','Alejandra','Rivera Rodríguez','3017811046','Medellín','Colombia','2020-01-28','[]','$argon2id$v=19$m=65536,t=4,p=1$g0JCaAgboVD8KQSonmhUYw$KmZnv4/lyBKTK6QtzNQ4gjxqyq8fpRdsviLgY7WytVo'),(95,'lucellyzapataperez230@gmail.com','Lucelly','Zapata Pérez','3122813270','Sabaneta','Colombia','2020-01-28','[]','$argon2id$v=19$m=65536,t=4,p=1$msGKsQMQoDXLUU6M27KKKA$QQB5rtr7oG0TddzBAyeHPbF9Vkddepa8zIDLjs7wfqQ'),(97,'dianaisabelgrandacortes@gmail.com','Isabel','Granda','3147927685','Sabaneta','Colombia','2020-01-28','[]','$argon2id$v=19$m=65536,t=4,p=1$D7ipCRNrf31c+xjWgzl3qA$4UI3oMHb99ZvDaPRwzUML2I8OyBJ3n6xOLmVPT36RyE'),(98,'dannyjuniorp1@gmail.com','Danny Junior','Palacio López','3103742206','Medellin','Colombia','2020-01-28','[]','$argon2id$v=19$m=65536,t=4,p=1$xkK9ki3SmFnLw6w4yPwpIQ$PmPN0OrPSv8Bx+qoo/az2EPWKVoppf602m/VB2NCnoI'),(100,'valeriapalacio1014@gmail.com','Valeria','Palacio Velez','3023258516','Medellin','Colombia','2020-01-28','[]','$argon2id$v=19$m=65536,t=4,p=1$tcHOacLZYTzrliPxdNsZrQ$kjV9FV4gVki7UYN2qVLDKbfGehZkbbUPdm5Tr8vN9+Y'),(101,'andreamh1187@gmail.com','Andrea','Hernández Ochoa','3006175585','Medellín','Colombia','2020-01-28','[]','$argon2id$v=19$m=65536,t=4,p=1$FYV4R30dvBtK7ZyXTBu0HQ$HCrxj+tfoCJldOHDW0AAsgcS/ydlpDHVeEP7Rjt2Uoo'),(102,'isatomas2017@gmail.com','Marta Isabel','Velez Mejia','3053035730','Medellin','Colombia','2020-01-28','[]','$argon2id$v=19$m=65536,t=4,p=1$gitFvKDHq82fSrOj+P//Wg$gsZkTVBM1GPCgDXZKgyOw2yWQnUoVkdy5Ig+qCujv+A'),(103,'memopalacio2017@gmail.com','Luis Guillermo','Palacio López','3192147705','Medellin','Colombia','2020-01-28','[]','$argon2id$v=19$m=65536,t=4,p=1$VNtmPU96W9wuSf13MoJZug$c8MSk+5TfLdmlS+S74ySo43J4cpxMIYvJ+iJLyNNQbQ'),(104,'sailerpalacio2017@gmail.com','Edwin Sailer','Palacio López','3108311702','Medellin','Colombia','2020-01-28','[]','$argon2id$v=19$m=65536,t=4,p=1$XB4nWBbkfNoAasnbxr8j1g$uMsOeGi/t0J+PXhlJBzmcB018FNj3/fV9FzsA9pvO1g'),(105,'gyepesm@yahoo.com','Gelver','Yepes','+573002373369','Medellin','Colombia','2020-01-28','[]','$argon2id$v=19$m=65536,t=4,p=1$AFbPAl5STUOchS+v+qFGtQ$GrG0a1XOAuKiPaGg/Vn3D6qyycH5fiwwSS5U9Qt6h4k'),(106,'sandramariao2017@gmail.com','Sandra Maria','Osorio','3058193473','Medellin','Colombia','2020-01-28','[]','$argon2id$v=19$m=65536,t=4,p=1$yaAHLdi37rGuLJiGOME3Xw$dHt1IaYd510E9iBL6zy+nZyuDGj2E1knO1/Jh40ChfY'),(107,'angelapayfredonia@gmail.com','Angela Maria','Londoño','3173738615','Medellin','Colombia','2020-01-28','[]','$argon2id$v=19$m=65536,t=4,p=1$nUcusKCEqfeM6oylgsK34A$0EKeaBbnpuP2hz8Z2dutEdxQJrBRzDILQkeD0x16qzI'),(108,'Juancch8@hotmail.com','Juan Carlos','Castro','3177836344','Bello','Colombia','2020-01-28','[]','$argon2id$v=19$m=65536,t=4,p=1$y34rIw+cv+FvlyS1n3zioA$6+lhdKCDa+hrsDDYfTFa8kv5jGdHCY2PMxK3Kume0XQ'),(109,'uderney04@gmail.com','Uderney Alberto','Velasquez Urrego','3164618131','Medellín','Colombia','2020-01-28','[]','$argon2id$v=19$m=65536,t=4,p=1$/oFnMuP/NT9abmDorWlhbA$8ptYxuwMBu0tEJnrqRP7uvcrdhObWMuiZxjP31NlsqY'),(110,'alfernandez2963@hotmail.com','Alfonso Ernesto','Hernández Ochoa','3117328213','Medellín','Colombia','2020-01-28','[]','$argon2id$v=19$m=65536,t=4,p=1$v5sVlTe0CB2goqsJ3BKY2w$e/saWQQeUzGmfbzjpnPKC16G//W6pa8ak5hvIMrg7Z4'),(114,'bere7629@gmail.com','Berenice','García','3104905435','Guarne','Colombia','2020-01-28','[]','$argon2id$v=19$m=65536,t=4,p=1$mrfUHQLBwhep/yKggX4h1Q$ahGjQiDh+/1DGzjXhVwT4xzo3FBnFuc9v7ZsZ8M8qqw'),(116,'williamerica2010@hotmail.com','Willinton','Palacios mosquera','3105515893','Medellin','Colombia','2020-01-28','[]','$argon2id$v=19$m=65536,t=4,p=1$mO67wlJimmNBJANbQ0wM1w$t8Im+ng8tCvPmpKNYCJocpGzPTmf2uZ3SCKjcsnx0Xc'),(117,'fotografiajrs@gmail.com','Javier','Roncoroni Sonneborn','3217522565','Medellín','Colombia','2020-01-28','[]','$argon2id$v=19$m=65536,t=4,p=1$S4Hav1t9TbvouK1Bs4knEw$ljX81yTmXQ5w/eKntdunPsq4c6ErFJRK0u6YItSVxMg'),(118,'auxiliar.logistica@funat.com','Cristian','Sánchez','3002208638','Medellin','Colombia','2020-01-28','[]','$argon2id$v=19$m=65536,t=4,p=1$vilPNZWhYFm2B9/htYNiOw$qPYSVkCwLZIwaXIrKVgWRMjnyGqJ0yroHjXlCE9Va+U'),(119,'jhonervin1@hotmail.com','Jhon','Becerra valoyes','3164994983','Itagui','Colombia','2020-01-28','[]','$argon2id$v=19$m=65536,t=4,p=1$yEza4/ICrQeg3Wcs8txKtw$l2nuGcvkQirgWPYxvVSJXH7vYJHpHiNZXGpe0i0iDWE'),(120,'mariaeloinaochoa@outlook.com','María Eloina','Ochoa Sanchez','3136126465','Medellín','Colombia','2020-01-28','[]','$argon2id$v=19$m=65536,t=4,p=1$zsZ0kEdyN9p6ndEPBBfNTw$azkQ3XxwTeAJht9gqavRfP/krAF/p6929s4kx3O9OWk'),(121,'robertoco53@gmail.com','roberto','colorado','3108939681','Peñol','Colombia','2020-01-28','[]','$argon2id$v=19$m=65536,t=4,p=1$QzMLw2ZluGBjtFnHK9aUeg$eQuME4lkkYcEfUW/iWoBuqY8b9vIpl4FD+KIcSf3kHg'),(123,'yesiyey17@gmail.com','Yesenia','Toro','3043373732','Bello','Colombia','2020-01-28','[]','$argon2id$v=19$m=65536,t=4,p=1$IshgQPDNjfyBB9GVx7tVZw$wSyHVMvGcdnANpv4tuHR5KevrZJvTXiseI/l9LUrR2w'),(124,'jenni.san54@gmail.com','Jennifer Andrea','Sánchez usma','3014390018','Medellín','Colombia','2020-01-28','[]','$argon2id$v=19$m=65536,t=4,p=1$+E/0QWcj5q8guiQ6sGZIdQ$A+TfWBUj3YpvjkY0s0NuDpBOfrDkp7J9AGixTUpR5fQ'),(125,'juan1020479389@gmail.com','Juan','Bustamante','3137722301','Medellín','Colombia','2020-01-28','[]','$argon2id$v=19$m=65536,t=4,p=1$eJ12m2WBWWZP0EgJqOgXsA$Y4VPU4sR6129Gy3CWlJ1IuOOyuhoXGGzDLqft1IE8To'),(126,'rodriguezmagda42@gmail.com','María Magdalena','Rodríguez Pérez','3058952064','Medellín','Colombia','2020-01-28','[]','$argon2id$v=19$m=65536,t=4,p=1$qUeIPs22/VqQmZ529UP7tA$k/vw+SlOzGUzYLokrIRRPhcfv5amgTl5QQsLOee/Ifs'),(127,'wilgo1077@hotmail.com','James','Gómez','3196188134','Medellin','Colombia','2020-01-28','[]','$argon2id$v=19$m=65536,t=4,p=1$XQMpHU5oednI2IBjE+UOFA$c4QvPyINi9fx5bWLymUcUUetSgksae0vB0MqlEGYk0M'),(128,'davidandresjime08@gmail.com','David Andrés','Jimenez vasquez','3006557621','Medellin','Colombia','2020-01-28','[]','$argon2id$v=19$m=65536,t=4,p=1$swJ4u2gA05VDrGEsB42jQg$LvirfUPMZXk+mJAU0faG85IgTkreeBUfc0oW48901+Q'),(129,'veronica.uribe1296@gmail.com','Veronica','Uribe','3104563704 - 3053007377','MEDELLIN','Colombia','2020-01-28','[]','$argon2id$v=19$m=65536,t=4,p=1$Ju7vpjC6cKpp2wSk6PMfJg$nEee2MmjTMzM58a7mGoVXicjZjIq2F6u3qWkuglD+nA'),(130,'lucianolopezmontoya@gmail.com','Alejandra','Montoya barrientos','3147049949','Medellim','Colombia','2020-01-28','[]','$argon2id$v=19$m=65536,t=4,p=1$maBm0fo2EF374qvifb7q2Q$i2J6GZV+GR54LdoiuHpW6FvDeBxU79LvyS9YXzZFctI'),(131,'abueladeemily17@gmail.com','Martha Ines','Garcia Gallego','3137588228','Medellin','Colombia','2020-01-28','[]','$argon2id$v=19$m=65536,t=4,p=1$LE3paxaTlzmZ26muJYvr8A$vM1U4Dt8+AGJVPdeuixPa0OESl58VxeUCZidERtG10w'),(132,'pnieto788@gmail.com','Pedro Nel','Nieto','3202853329','Itagüi','Colombia','2020-01-28','[]','$argon2id$v=19$m=65536,t=4,p=1$cwOLSj1Yn2cPDtmhhSob0A$28FpLhLWBjJl/snv/ifGy2v9BNZG1daXqXmKCcW3khM'),(133,'diego.agudelo838@casur.gov.co','Diego','Agudelo largo','3217614663','Medellin','Colombia','2020-01-28','[]','$argon2id$v=19$m=65536,t=4,p=1$2j45vD1dg+BEyJROw3pfZQ$onUT+f7Clzoo9AKUtqtUBjbJzN1G4he2Ga6LbGdaIhw'),(134,'hernadoarenas@yahoo.com','Hernando','Arenas','3107199520','Bello','Colombia','2020-01-28','[]','$argon2id$v=19$m=65536,t=4,p=1$SD31TclTeQ3oE8WgfrOSlA$QekfDlZlR0vQ15v9Ryqd8sfZBedshrHdT3QJNvcsX10'),(135,'edwinandres1993@outlook.com','Edwin Andres','Hernandez Henao','3113128745','Medellin','Colombia','2020-01-28','[]','$argon2id$v=19$m=65536,t=4,p=1$jGyt1Vi17eiblbEuUII7qw$DTQS99XJrTDdApPjusXchcXTtma9wzTHCbBiiQdWAWo'),(136,'geoma21@gmail.com','Jorge','Agudelo Isaza','3168647540','Medellín','Colombia','2020-01-28','[]','$argon2id$v=19$m=65536,t=4,p=1$AQyucqB6PSoR1y7lhLCF+A$+7fEl4RsiGyG7IFYiw65FvkY8N57lTSz6okbFq7spsk'),(137,'argiroeventosg@live.com','luis argiro','sepulveda salas','3225290501','bello','colombia','2020-01-29','[]','$argon2id$v=19$m=65536,t=4,p=1$HsfcnIxsEWMmdkPzSIrHSQ$SsJiPvtxGaay+6LI2lyqb5feYFjhiRdeDkbfFWhIYaE'),(138,'jhonjasan024@gmail.com','Jhon jairo','Sanchez','3154364349','Medellin','Colombia','2020-01-29','[]','$argon2id$v=19$m=65536,t=4,p=1$m1zPEp3IDs9yJeZUVJlVXw$lrE5X9ZF2IaK/gGMOh42PwekJQmVh0zQgUB/G5j4Rfk'),(139,'blanarboleda@gmail.com','Blanca Elena','Arboleda Espinosa','3128735196','Caldas Antioquia','Colombia','2020-01-29','[]','$argon2id$v=19$m=65536,t=4,p=1$chZn7uY9kOn7g1EqUHPNBg$jRa+wm4zzPdQujVLcXGmE0v1vCedbe0atB3sy9ZhvvQ'),(141,'soco200826@gima.com','Yenny','Tabares','3182807867','Medellin','Colombia','2020-01-29','[]','$argon2id$v=19$m=65536,t=4,p=1$jF//rGT+xprAY9sIJYzaMA$b6cOlO1KQC9bhdPdnGJMfA16yvD5JsYiP5XgNgml9wY'),(142,'reynaldogil1804@gmail.com','Reynaldo','Gil','3117555740','Guarne','Colombia','2020-01-29','[]','$argon2id$v=19$m=65536,t=4,p=1$xmIt6tsB3i6cjfVuzADTWg$XuHWVrED2zz8LKWm3hYq9J+uNTqGb23lpi/vQHnOuU4'),(143,'jorge.a.mart@hotmail.com','Jorge alberto','martinez','3012071205','medellin','Colombia','2020-01-29','[]','$argon2id$v=19$m=65536,t=4,p=1$zHSuNXOHPnvvi1/Rg+fyGA$TM3Y5sBvSavUES+guhhOJaJHITmIRUZ5WctPM4GkUQ4'),(144,'moluchoa@yahoo.es','Mónica','Ochoa Jaramillo','(34)608501933','Madrid','España','2020-01-29','[]','$argon2id$v=19$m=65536,t=4,p=1$mGyr0+9mVjoDQfvYreA8Ew$rT/qmFOONyTuqVPMwJ8qhJO/G6kcbrMsBJ9xQBGYFwM'),(145,'jjaviergarcia3588@gmail.com','Javier','García','3108023386','Guarne','Colombia','2020-01-29','[]','$argon2id$v=19$m=65536,t=4,p=1$666WFsRQnMHJbkq/048esg$HCKEjPVJQPBltEhcjwiwNRCPA8Lzg5d+ZAkSI/mVsdw'),(146,'anamariavirvi86@gmail.com','Ana Maria','Virviescas','3014779651','Medellin','Colombia','2020-01-29','[]','$argon2id$v=19$m=65536,t=4,p=1$dpdG/HPPxSxfpsyJEUCOBg$Awd/E7XWr1YLhVd2Dld1hWi6rOKgCSdLRtLXA7sJNaw'),(147,'nicocristian@gmail.com','Alexis','Agudelo monsalve','3223082204','Medellin','Colombia','2020-01-29','[]','$argon2id$v=19$m=65536,t=4,p=1$rhHdhVfUXa9xLIHp3V/cww$Z222n1oTESUinnwHOUQhwLmDVimVBHobs6TKuRZvp0g'),(149,'yo.ssaira2004@hotmail.com','Socrate','Mosquera palacios','3142571489','Quibdó','Colombia','2020-01-29','[]','$argon2id$v=19$m=65536,t=4,p=1$yR7H0LCDMyMuj8Sr5BnikQ$Rsdbq1yPJxZqv4yJAR71Bmh4kYC4a6/E73L6ojIl1w4'),(150,'julio931@hotmail.es','Julio','Quintero','3012267938','MEDELLIN','Colombia','2020-01-29','[]','$argon2id$v=19$m=65536,t=4,p=1$X5wiggDQenOe5Hw2zoSdCQ$t/KmOEps3Yowva+M1l8RcPsRRlmjWXWPSi1KmDaZFQk'),(151,'ssofiavirvi@gmail.com','Sofia','Virviescas','3188586580','Medellin','Colombia','2020-01-29','[]','$argon2id$v=19$m=65536,t=4,p=1$HGYBOlMQe9GMZUOdmMtRCg$cP5CEn00a29dHSHWYLNGZUsFBhl2bntDlwwBH7ny3co'),(153,'tovarelvis07@gmail.com','Elvis David','Tovar Aguilera','3145548385','Cali','Colombia','2020-01-29','[]','$argon2id$v=19$m=65536,t=4,p=1$IT/MVjrdclK1rEc0LOK6KQ$9/gSUGZ/R+3VL6apvMThgZ/pxaHMeFdTAJMEJ2z5/is'),(156,'malues1238@hotmail.com','Marta lucia','Escudero correa','3006221355','Mefellin','Colombia','2020-01-29','[]','$argon2id$v=19$m=65536,t=4,p=1$RQCn1c18HLiQYBdEvqA8SQ$2iT2VSqp/PzW32b8IeHYSC9Hnc5bp6pSk6x+A2a5qHk'),(157,'samy.mejia.2382@gmail.com','Sandra Milena','Mejía franco','3174425304','Medellín','Colombia','2020-01-29','[]','$argon2id$v=19$m=65536,t=4,p=1$hX85uCHo7LpZy43KXgHmdQ$3/qbu8au0wzbSsClrHg1BM3umR4AlgLWDYlpOw/+Yqk'),(158,'dubersueno@gmail.com','Duber','Castaño','3147003964','Medellin','Colombia','2020-01-29','[]','$argon2id$v=19$m=65536,t=4,p=1$7Mfq2my6Zbo2RRvqp3Z6Tg$uTzlEItykSTRWh9NlH28p08kJZoRTJf1IyHWbuqqVvU'),(159,'aurorasanjuan59@gmail.com','Aurora','Sanjuan','3005170325','Medellin','Colombia','2020-01-29','[]','$argon2id$v=19$m=65536,t=4,p=1$rDxL2XHGRUe/eiP7P7Lo+w$Wi0iEUiKqxAQIOx0OCDTMYkyHGdc8D+lg2SSbCxHJhE'),(160,'hectoresss@hotmail.com','Hector','Piedrahita','3113539571','Medellin','Colombia','2020-01-29','[]','$argon2id$v=19$m=65536,t=4,p=1$hE/VlmWYCYyJ1o45seoKJg$ICgzHfPn2TbrEqgKmtgvtUiwv8Y96Q66fu8d43lmYT4'),(162,'jpica071@hotmail.com','Estella','Castaño hernandez','3148936373','Medellin','Colombia','2020-01-29','[]','$argon2id$v=19$m=65536,t=4,p=1$xHMp2KUZxs384knIdHncXQ$UCw2hgCuNPk3GCeJyUCMlXNssFj3eMuLkPj9zwiR150'),(163,'mairasueno@gmail.com','maira','giron','3114756625','Medellin','Colombia','2020-01-29','[]','$argon2id$v=19$m=65536,t=4,p=1$N746nnnigy6vzpUYxuZqyQ$JEp3W+/ubK98BEj3Ciw3U9/I3QUdKE9yLHAVmNgEqYA'),(164,'sormariagranda69@hotmail.com','sor','granda cortez','3146169290','medellin','colombia','2020-01-29','[]','$argon2id$v=19$m=65536,t=4,p=1$rC1HvS2TM5xqg1sC026a0A$ULifawB/wzt8u6ESoI3uS5aia7FXmCEw+7lNHUkmZRs'),(165,'hernanaraque003@gmail.com','Hernan','Araque','3006577846','Bello','Colombia','2020-01-29','[]','$argon2id$v=19$m=65536,t=4,p=1$FSeq+wYQ5bhERAjIF3OWtw$TmY+5fJmAF3A2xEwEngbzuTS1SUWUrZF+jSR+KWSomY'),(166,'hernanaraque003+1@gmail.com','Daniel','Araque','3006577846','Bello','Colombia','2020-01-29','[]','$argon2id$v=19$m=65536,t=4,p=1$S/OscqnQHTO8hqYYADL9rQ$7GWPgt4bL1BBejjL8Cicbz3EdQlZ9Zbo35GQXp9E8lk'),(167,'sandram5_2@hotmail.com','Sandra Myllena','Martinez Granda','3137427089','Medellín','Colombia','2020-01-29','[]','$argon2id$v=19$m=65536,t=4,p=1$k45My5+PugORJXfpokRgQA$nxoTAZFcedMsqBUT0Us2rFvL8ciIa9W6I9MKxGLKfqk'),(168,'nachoj8822@gmail.com','IGNACIO','FIGUEROA','3105955833','medellin','colombia','2020-01-29','[]','$argon2id$v=19$m=65536,t=4,p=1$9KlwmqE10T81i0DGti3+Ag$D4qP26va2jTm/eH8U7MwkUmR1JL9NftbbN0vTzPZD+U'),(171,'joctavio0607@gmail.com','Octavio','García','3113896995','Medellín','Colombia','2020-01-30','[]','$argon2id$v=19$m=65536,t=4,p=1$E1t32NP02OAxmygGqcsLIQ$svl6yFa7tqenTwGYS9+Eg7rrnQ4Ylj38RxYHF7Eob7o'),(172,'jcardona@asesorescorporativos.net','jorge ivan','cardona serna','3105055711','medellin','colombia','2020-01-30','[]','$argon2id$v=19$m=65536,t=4,p=1$xuYpsY/evH+xgdXhclLsmw$k7EQdhpPtkJEOTCE0UhjHmvNKVnn0ftbDtHoGGbdgAg'),(173,'MeryFlores1605@gmail.com','Luz Mery','Flores Pérez','3046182696','Caldas Antioquia','Colombia','2020-01-30','[]','$argon2id$v=19$m=65536,t=4,p=1$yxs5OT38ng8WXBjACO4zCA$6zNMeO79Bfx482o3/3mOgSbNJ9kL0uKDXSE2UDcoIU4'),(174,'rikilokitoo@gmail.con','Gersain','Nieto tabares','3216211479','Itagui','Colmbia','2020-01-30','[]','$argon2id$v=19$m=65536,t=4,p=1$1d0mEJcPmkbPfm2FFOj8aA$vEUF7Co9beMkikIkzgHkXVPNkktEkEsvPDwVqN8WzcI'),(176,'jorgechaconpay@gmail.com','Jorge','Chacon','3218160413','Medellín','Colombia','2020-01-30','[]','$argon2id$v=19$m=65536,t=4,p=1$SaBFcKDpXTWtzg1Vk5q5/Q$srGS3n3T55oejwiuxGBLukGUm7lKqvDppFcMKjtkWGc'),(177,'rey1@cashnet.online','Reinaldo','Serna','3104089609','Bello','Colombia','2020-01-30','[]','$argon2id$v=19$m=65536,t=4,p=1$SJQ/yFwT5lnPlbnPzne2+Q$QYihJeupdvpyK5pBjaoqBgCWAgDoHL6FU1mJxEkpixM'),(178,'harold@cashnet.online','Harold','González','3016792781','Bello','Colombia','2020-01-30','[]','$argon2id$v=19$m=65536,t=4,p=1$yCFHQ+dpDgKa+liVK4dJ0Q$a9DLLmjUMZP6HTUE5cbcsiexSuQbNvKt7iHeP63CJHA'),(179,'edison@cashnet.online','Edison','Zapata','3217577310','Medellín','Colombia','2020-01-30','[]','$argon2id$v=19$m=65536,t=4,p=1$0dExgqBQe41r3cXN1RlyWw$WxNA3ftlIBdim8rmN9gpfL5NmkMXSGVBWoMqAJZgwyg'),(180,'palaciosmena174@gmail.com','Arcedinio','PALACIOS mena','3115562409','Medellin','Colombia','2020-01-30','[]','$argon2id$v=19$m=65536,t=4,p=1$ljD9L3qShcI+DE6IPwjPIg$F7IQxJJvyrd2fBf5mtsLjGDVTF1R773o3JHhMHSsK3Y'),(181,'rafarismendy@gmail.com','Rafael Alberto','Arismendy Osorio','3003005817','Medellin','Colombia','2020-01-30','[]','$argon2id$v=19$m=65536,t=4,p=1$+aOYprgHZcv1M2lXIIFDkA$UhlRNX1XJSorg7dGZdx9lQbVHZoJ+2lSZby8ajvWfD4'),(182,'erikajth@hotmail.com','Erika Janet','Velasquez cano','3153631851','Itagui','Colombia','2020-01-30','[]','$argon2id$v=19$m=65536,t=4,p=1$M9TKldcFM3Ivv4IO9XKUTQ$pn3SD9BkWBHG+89D1hzJO2cTdP91dXdrt4gRRgFX0oA'),(184,'karen_amaya17@hotmail.com','Karen','Amaya','3057802421','Bello','Colombia','2020-01-30','[]','$argon2id$v=19$m=65536,t=4,p=1$5ypW0CL2XVwc2zRvAcYdrQ$O7ZLpn/68th7PrIbi+BD4R+bd+kzfP1S78g45cjKj/Y'),(185,'mamifamy@gmail.com','marleny','Macías cadtro','3106174993','medellin','colombia','2020-01-31','[]','$argon2id$v=19$m=65536,t=4,p=1$qmPk/DhGs/AjZLN66c8WxA$ZeUmrPCMY6CCPpKI6NKIAINLyPcHN3OYKa1uRk50b4Y'),(186,'luzdelly4@gmail.com','luzdelly','palacios mosquera','3128049570','bogota','colombia','2020-01-31','[]','$argon2id$v=19$m=65536,t=4,p=1$paEANDZqpHqcR3Opfs4Ccg$6kesLfDI51TGd5vHEYs6zBIVrNcjU4lahyaRZAdQOcM'),(192,'jairozapata6@gmail.com','Jairo','Zapata','3127956256','Anori','Colombia','2020-01-31','[]','$argon2id$v=19$m=65536,t=4,p=1$dht+odILuP9W4hN9eTg7bg$wi5uCSutJ6nxqU8BVmhzdCuZjIVKjKkz0+4uNNoroCY'),(198,'jesusrendon1845@gmail.com','Jesús','Rendon','3122265204','Guarne','Colombia','2020-01-31','[]','$argon2id$v=19$m=65536,t=4,p=1$Pu/UOT8T1Hnte7/PNwaq5g$igHJPvp2WWaPAwUAMF4YH+OzGzVq+fTlpTu5HrMJfOI'),(199,'andreaseg_1018@hotmail.com','Christian','Rodelo','3005506295','Medellin','Colombia','2020-01-31','[]','$argon2id$v=19$m=65536,t=4,p=1$1knG75ND0Jcb8QpgzxJfvg$PWpt7Ld90Bbyjub1w2tVMo5BqOMHZSoETI2Q9Hh+6w4'),(200,'waltergiraldo@hotmail.com','Walter','Giraldo','3127172116','Medellin','Colombia','2020-01-31','[]','$argon2id$v=19$m=65536,t=4,p=1$Kw2ArfhznRjyxJL+s1jufQ$hYTA7i/7U1BeaCfIgoKCyBjAUjOSr7Bw1XsDt8hREpY'),(201,'reyfull-2014@outlook.es','Carlos ferney','Mosquera','3132792852','Quibdó','Colombia','2020-01-31','[]','$argon2id$v=19$m=65536,t=4,p=1$jvAXsMOdoRjHRCqEtlf+Jg$BduKyJR0ItSfDxp//v4EOH1mb2lVmwBtubvZIsR2FtM'),(202,'miryam1845@hotmail.com','Miryam','García','3216047641','Medellín','Colombia','2020-01-31','[]','$argon2id$v=19$m=65536,t=4,p=1$V9Xi97VLu2ySTvC9b0rctQ$IcpZdWUUR+FTPKc2Gmj2404HAYUtRbCxmKnePjozMrg'),(203,'felipegil24@gmail.com','Luis felipe','Gil yepes','3104147445','Medellin','Colombia','2020-01-31','[]','$argon2id$v=19$m=65536,t=4,p=1$emxbfIT+uPKFacaZOXsCNw$l7pUVElD620uqxY9IkajLwgimWt+9pE9P4zJOJrodQE'),(204,'yahirarango@live.com','Yahir','Arango Rodríguez','3113711397','Anori','Colombia','2020-01-31','[]','$argon2id$v=19$m=65536,t=4,p=1$MkpkTQnxnLbcgUjDu2dTCQ$44UMzo6izjsUB0EeyRKFKl7Pcq3BhZzuCXl0BmHlDMo'),(205,'famg1020@hotmail.com','Fabio Alejandro','Montes','3006271553','medellin','colombia','2020-01-31','[]','$argon2id$v=19$m=65536,t=4,p=1$FKASCwUb11uu0/EHYGI/3w$T1kvSP+H4rNzb+57/8c9wFaeQSTcVeSHt62eXmQ8Xdc'),(206,'papicorazon-2013@hotmail.es','Carlos','Londoño rengifo','3155198031','Medellin','Colombia','2020-02-01','[]','$argon2id$v=19$m=65536,t=4,p=1$MCV3yP+8MWdPW55D2k1rDw$/xDWGG0DTDiSvzkqsMdnOxTycUmAIIra6M5Ct2KEESI'),(207,'carolina.zapata.481@gmail.com','Carolina','Zapata','3005770703','Medellín','Colombia','2020-02-01','[]','$argon2id$v=19$m=65536,t=4,p=1$fn2qJ/Ms7wihaoY784aZxg$t0RoMvgaSNcugKpzNSVx3ceUZK/qYcSvcPFxz+7VSyc'),(208,'palaciosrubiomariajaneth7@gmail.com','María janeth','Palacios rubio','3136219229','Medellin','Colombia','2020-02-01','[]','$argon2id$v=19$m=65536,t=4,p=1$QT9UXe1ujZvXt7oBYeYpag$rlv4EslE29o5D+GmddbBa1xcRyqH+Bbzdy1X2G8vW7M'),(209,'eliii76@hotmail.com','Eliseo','Palacios rios','3017206451','Bello Antioquia','Colombia','2020-02-01','[]','$argon2id$v=19$m=65536,t=4,p=1$duOaQ419xPoubbl8gXybbA$8c1WVnuk/3Gq+yFYQuBlKDGuJl6FvdEzPxU94l96pMw'),(211,'bryanlenis55@gmail.com','Bryan','Lenis','3023604669','Itagüí','Colombia','2020-02-02','[]','$argon2id$v=19$m=65536,t=4,p=1$b3sg4+BLp+k5i4ly+fJlLA$WNBCWiErbO+5NQnfJSUcXHjzX9WF5DYfHSLAKnXbbfs'),(212,'wlandazurypd01@gmail.com','William','Landazuri landazuri','3163361816','Tumaco','Colombia','2020-02-02','[]','$argon2id$v=19$m=65536,t=4,p=1$xnc2ryfyhsUGB5qhHnw/LA$wmp9ecQICukHW2hgT3htQj1BMuCgA+Ep8YFJZ62t7qY'),(213,'ceneidazapata2603@gmail.com','Ceneida','Zapata','3136803718','Anori','Colombia','2020-02-03','[]','$argon2id$v=19$m=65536,t=4,p=1$Qd0RjFS15vdGbz5W/g1d0w$wLcS4Mm2BQ5e0+V6yMyCS9rDck9ok/uzJ9OqHb3qQ4M'),(215,'gladysmm0458@gmail.com','Gladys','Morales','3154063274','Medellín','Colombia','2020-02-03','[]','$argon2id$v=19$m=65536,t=4,p=1$CNcjihGa9RJRzNGzN4pWwg$vbv3nlPPs8OZUc6bHDi4HyYrE5HLBZrFSqV8NfhBQK0'),(216,'dianavanegas1986@hotmail.com','Diana patricia','Vanegas ochoa','3148612719','Caldas','Colombia','2020-02-03','[]','$argon2id$v=19$m=65536,t=4,p=1$jdiYO0rgccaxcsc9tFAscg$KN+wqmBqa/X+bI2GXDqtItp1mGfkQHV/6AvIye3s3L4'),(217,'juansebastianrodriguez2020@gmail.com','Samuel','Jiménez Gómez','3193466427','Medellín','Colombia','2020-02-03','[]','$argon2id$v=19$m=65536,t=4,p=1$pkopZYBbV3jYujevA+o76A$XJSkF1IXie3P0AJVQD4bLQwbGiLiFAkhDaHoz/3xfCE'),(218,'cristies13@hotmail.com','Cristina','Espinosa','3146050155','Medellin','Colombia','2020-02-03','[]','$argon2id$v=19$m=65536,t=4,p=1$erKN+041J1NaiMHvy57GNQ$iYhR8KjnZo49qmcP3sJHHfwMw3FlpK31F/0qlMdYaro'),(219,'jonatanres10@hotmail.com','Jonatan','Restrepo','3004533599','Itagui','Colombia','2020-02-03','[]','$argon2id$v=19$m=65536,t=4,p=1$R7EfuyGESLooWZxRHhd82A$SOwKYm+7/LqCdFDmmj9FPfe+qjX4xPgVkuHZz3IabKs'),(220,'mrojasvalle103@gmail.com','luz marina','rojas valle','318 845 0663','Peñol','Colombia','2020-02-03','[]','$argon2id$v=19$m=65536,t=4,p=1$tZP2wY3ojLXGHjejr4jy3Q$hoCCUJssnX+3IFUE4tXXINCklMC5OPndxBOU1hFphKM'),(221,'3113381704alejo@gemail.com','Yoana','Cardona','3113381704','Medellin','Colombia','2020-02-04','[]','$argon2id$v=19$m=65536,t=4,p=1$8mCUZCIvixKCMh3/jMY5DQ$cKx9ZC4Y2ITccu5f9htSLMU0N+sTnHLoUxcxrBT8KPc'),(222,'camilohernandezc@gmail.com','Camilo','Hernandez','3005219712','Medellín','Colombia','2020-02-04','[]','$argon2id$v=19$m=65536,t=4,p=1$IjmGRTL7UXX3Kz/rYcSmTA$TRVmLAkkfV7RHGCND/u4I/CJNxCtsBMoMSbKjlCtGNg'),(224,'glaisau706@gmail.com','Gladis irene','Salazar usme','3137147297','Peñol','Colombia','2020-02-04','[]','$argon2id$v=19$m=65536,t=4,p=1$HwBhfzaeObJhKCivzM0hGw$YbbaRas8oLzeKC28V5nGjF1rmh9ZoTtvRJNscC66Fuc'),(225,'alejandraasesorias24@gmail.com','Alejandra','Flórez','3134411504','Medellín','Colombia','2020-02-04','[]','$argon2id$v=19$m=65536,t=4,p=1$Ds6+xdKADCARpTzA0U2cRA$mOlNNBYm5Jwx3Xrctf9T/PfxGg2OuZPQU4nm0zwcCCw'),(227,'helenagranda05@gimail','Helena','Granda cortes','3127140255','Medellin','Colombia','2020-02-04','[]','$argon2id$v=19$m=65536,t=4,p=1$Jp0Lz51JoMREASdTe7jLsQ$TVhKCiuYyRzcfS/Uya0XO8OZGSbEIDOyITGnSSQfmRU'),(228,'years192009@hotmail.com','Yuli andrea','Mesa','3126787805','Medellin','Colombia','2020-02-04','[]','$argon2id$v=19$m=65536,t=4,p=1$dA72hA/Mu5vZWLZvGD5E7w$5XqEaAwk+smJqRP0wcIDVsXEAnXP3js2db7bWFPU/4Y'),(229,'pipe.gac20@gmail.com','andres felipe','Garcia calle','3122323295','Bello','Colombia','2020-02-04','[]','$argon2id$v=19$m=65536,t=4,p=1$8U7Ohixn9PCKP0d86ibh5Q$xd8zdPyCfG0SfeE+FhSNF1QbR5vBUNIhkXM5EfIJ8Ls'),(230,'falconery.piecal@gmail.com','Falconery','Piedrahita Calle','3128108238','Medellín','Colombia','2020-02-04','[]','$argon2id$v=19$m=65536,t=4,p=1$K31rPEfroVHDtL7Yy+3zYA$QXVT9J3pTaWLgJ7cVrM3xME7jPOJoTdvFHWWJ2P17GM'),(232,'erikalegarda26@gmail.com','Erika Eliana','Legarda Zapata','3127266661','Medellín','Colombia','2020-02-04','[]','$argon2id$v=19$m=65536,t=4,p=1$q1j8uRuACTk9g6LwHRwVQA$mCdeR8j8HOAYeBxy9LYR/V1qucg4PJa4OO9BEL3ChZQ'),(233,'jm5657841@gmail.com','jose alcides','mosquera','3205155899','medellin','colombia','2020-02-04','[]','$argon2id$v=19$m=65536,t=4,p=1$VXraCak/LU//uJg6ATAPFw$ayIrzmsjqlDU4/c10kgCykeXO6gyDwVBD2mOgF0DHlo'),(234,'margaritarocio174@gmail.com','margarita rocio','tamara vargas','3136946377','medellin','colombia','2020-02-04','[]','$argon2id$v=19$m=65536,t=4,p=1$JMv9+l3SYNWlC93bdls5zw$spEou9axcJPJMMQFpoLdQQBEhpEfIvO0F4X7sJ/cTbY'),(236,'abelinamoreno1984@hotmail.com','ebelina','moreno','3147579924','quibdo','colombia','2020-02-04','[]','$argon2id$v=19$m=65536,t=4,p=1$IImCxeRZkI9UnCWHb3/vQA$dmTojBdGte1Fj1WwHDkemJleEuzMjYT6xtXeDWBzIVc'),(237,'leonidaspalacios172@hotmail.com','leonidas','palacios mena','3127437602','quibdo','colombia','2020-02-04','[]','$argon2id$v=19$m=65536,t=4,p=1$1XqdSYTmYIlmp25yLYZnJQ$jfsID2EgNy9u8HfVeJK76MoxpXUEJAwweDYfFVO/MxI'),(238,'shirleyrocy@gmail.com','shirley rocio','palacios tamara','3505306494','medellin','colombia','2020-02-04','[]','$argon2id$v=19$m=65536,t=4,p=1$gIeJqWLZEd2Ag5XZ60t0vw$NmFXXW2BBU20iIJL/keJFmkho16ICR54gHnMS7083Mw'),(241,'juanchopala1999@hotmail.com','juan david','palacios tamara','3142324011','medellin','colombia','2020-02-04','[]','$argon2id$v=19$m=65536,t=4,p=1$n7L5Gm4Nae7KQSdbz5ICww$3ukEAA+/Ig9g2C8m6zOiis+rTg1ox68tgHmgJmFpN8U'),(244,'gustavovasquez878@gmail.com','Gustavo','Vasquez','3136524665','Sabaneta','Colombia','2020-02-04','[]','$argon2id$v=19$m=65536,t=4,p=1$BWXpfQmqzwXDE9bHqZVjXA$AKolCM6hHQOVmT0aXpEcHRL0B2so5uhvKPdgxjdQ2K0'),(246,'andreaflorez004@hotmail.com','Andrea','Florez goez','3128370298','Medellin','Colombia','2020-02-04','[]','$argon2id$v=19$m=65536,t=4,p=1$NdF3IIPOx34mrRNznggaAw$1yn9BGwhJQ9/etfmhyWZtK5EadhPWqLwJwwwHQQf5h0'),(247,'marisolruiz895@gmail.com','Marisol','Echeverri Ruiz','3104002534','Medellin','Colombia','2020-02-04','[]','$argon2id$v=19$m=65536,t=4,p=1$2faoeX88P49fdDxAczb+gg$EjBfCoIrMB5dLcwhk9pLoebiCjwCr6KivlLjL7G5X08'),(248,'sara899d@gmail.com','Sara','Ruiz','3187884548','ENVIGADO','Colombia','2020-02-05','[]','$argon2id$v=19$m=65536,t=4,p=1$NT8eUEG7ICB5FTCV+V1OXA$McqWUbTqhKH/Esrnx+diBIB3KyQ9KyoPyd2btRQy++8'),(249,'alejcevedo@hotmail.com','Alejandro','Acevedo Espinal','3136424680','Medellín','Colombia','2020-02-05','[]','$argon2id$v=19$m=65536,t=4,p=1$SXL9jTf1T5g7WZHOG/dgPA$BW7Tel3T1zR65MNnxzc7/pmRAjCqiLvMCwCUmRxy7bw'),(250,'angela.1967@hotmail.es','Ángela María','Espinal Tejada','3113750350','Medellín','Colombia','2020-02-05','[]','$argon2id$v=19$m=65536,t=4,p=1$hHzEW188V69Yk1ruXZIDAw$CRah624HI3H26h7pdE9mWXN1lRItjA/gB6UoTQApoMk'),(251,'htguiral@hotmail.com','Hugo','Guiral','3113715906','Sabaneta','Colombia','2020-02-05','[]','$argon2id$v=19$m=65536,t=4,p=1$lf6WzGyGNoz/5gaA+fFF5w$rYE7PCpfk4sXv8CnaP4YJ0k6r0CiEDJrktrzw8H7Zm4'),(252,'carlosmariogutierrezmarulanda@gmail.com','carlos mario','gutierrez marulanda','3128017021','medelin','colombia','2020-02-05','[]','$argon2id$v=19$m=65536,t=4,p=1$IW23DD3ioHOmR5AFf0JohQ$b2NchKMmjDTzVil0TWvJ7JqzABelXxHFvwanDhDr+cQ'),(254,'tmisas05@gmail.com','tatiana','misas','3218945903','anori','colombia','2020-02-05','[]','$argon2id$v=19$m=65536,t=4,p=1$/b1iN7z8dSGzT59EagFFiw$e0G6OFS5pF+zOBlaDtN2aQWASmfQZsxroS2BXnd5xjs'),(255,'manolo24201@gmail.com','Manuel','Otero','3003000855','Bogota','Colombia','2020-02-05','[]','$argon2id$v=19$m=65536,t=4,p=1$K9uer7VN36r1wBRmFaJRWA$8SlJYaI58lX+DZqDLqiJItoltUzZ9Y7dy6Orz6OPIzo'),(257,'greystamara2018@gmail.com','Greys paola','Tamara vargas','3045627128','Medellin','Colombia','2020-02-06','[]','$argon2id$v=19$m=65536,t=4,p=1$/FWXhRLx3O0C8K66U3+CNQ$WetFC8Sqq3hzdpYMjC9jIv6hdBkspm+nMtAYqDv+LXE'),(258,'edisoncardona24@hotmail.com','Edison','Cardona','3144411695','Medellín','Colombia','2020-02-06','[]','$argon2id$v=19$m=65536,t=4,p=1$pCKu4BgigUBH6t+6doe4iA$fWEtP4JcJxs9ed4/TWSyO2zLfB25cDpFNKgnhkUMtrc'),(259,'rosaquintero123@gmail.com','Rosa','Quintero choren','322 6373637','Cali','Colombia','2020-02-06','[]','$argon2id$v=19$m=65536,t=4,p=1$5R1RDPN5nHmN0FWFBlZ9hg$tgDudTsb+9FZxjAjOfyFSNpzkXwoPT6BJwi2BNR+NNc'),(260,'Naviast26@outlook.es','Navias elena','Tamara vargas','3233455830','Medellin','Colombia','2020-02-06','[]','$argon2id$v=19$m=65536,t=4,p=1$YIKAlCmQMPA/QMvgZbHowQ$IY3SUFlhJkpxCr7iGywzeyYtV93dtWKhfcJ3ARJkyfM'),(261,'andrechois26@gmail.com','Andrea','Chois','3002593127','Medellin','Colombia','2020-02-06','[]','$argon2id$v=19$m=65536,t=4,p=1$uZ2d0hcxaWh6J3btMwJa6Q$nud6YA0BFhJ9mfOiabmOUr8ZzNlHexDHQPm1QGytumY'),(262,'alirioespiria67@gmail.com','Alirio','cano','3117079260','Peñol','Colombia','2020-02-06','[]','$argon2id$v=19$m=65536,t=4,p=1$4ak/udwxRBU1bp9vE1wIXg$Vva9RjMtvx8lptmjUnNxo1zCmyuj2kK8jqZmOe0oAc8'),(263,'heiserpalacios@gmail.com','Heiser','Palacios Palacios','3108622550','Bogotá DC','Colombia','2020-02-06','[]','$argon2id$v=19$m=65536,t=4,p=1$Vz5cJcxQlaK1r+6CB0dG1Q$sj2gL3zJ4mcDsjTG/0d1KE9fnGHQiLMNNHf8CnKx4xA'),(264,'santimillar556@gmail.com','Carlos','Muñoz','3208434268','Medellín','Colombia','2020-02-06','[]','$argon2id$v=19$m=65536,t=4,p=1$71zHN06/fRaeKBgCe/Qgbw$Slhyk/EDiohMGH35ajLYPKlJYZceyMvhmdpsrZsPPhc'),(265,'elvisocampo17@hotmail.com','Elkin','Galvis ocamoo','3128881605','Medellin','Colmbia','2020-02-06','[]','$argon2id$v=19$m=65536,t=4,p=1$30zMrnU1JxxgYowkdVnulA$ZgiFp5BKKRt40ElLHNEZo/h7UUsAav5hsnL+MjePE5k'),(266,'zapatacristian000@gmail.com','Cristian arley','Zapata castaño','3137732920','Envigado','Colombia','2020-02-06','[]','$argon2id$v=19$m=65536,t=4,p=1$9W4Weurvmh0g34OJFiSNGA$quO863q9kkq5/s41/ous1fYjfPR8PAYFccRRUbTTN48'),(270,'carloseliasg_t@yahoo.es','Carlos Elías','García Tamayo','3148326239','Envigado','Colombia','2020-02-06','[]','$argon2id$v=19$m=65536,t=4,p=1$kk5XLqQj3QA1+xHVWzAPvQ$VeBbXR95CBAzBXo22RyP2RzL8vfv3Z/jjFGLhTfPn8M'),(271,'jenlopezr@hotmail.com','Jenssy','Lopez','3013955185','Sabaneta','Colombia','2020-02-06','[]','$argon2id$v=19$m=65536,t=4,p=1$KmuuaEv0PqDWg7j41/ZE0g$LAc2JD9uSgihHSuI6CoWIKnNizu4EQFFpvgsmELGSHU'),(272,'margarita-granda@hotmail.com','Margarita','Granda Cortés','3113246854','Medellin','Colombia','2020-02-06','[]','$argon2id$v=19$m=65536,t=4,p=1$u2TeH82iz2Ylfm2E5r3aOQ$zn0axV+stO3tUvHPsjv2A2R9kZq6r0pCGXTlFP8Z0hA'),(273,'juanestebanv@yahoo.com','Juan Esteban','Vélez Pérez','3146776849','Medellin','Colombia','2020-02-06','[]','$argon2id$v=19$m=65536,t=4,p=1$98kKvrti2zU0lzrqi/2sLA$CN++T83i/I6GyAddqNDY+nt/AkZZeBE9OjnJanjzBOY'),(274,'auritam93@gmail.com','Aura María','Vélez  Granda','3108346492','Medellin','Colombia','2020-02-06','[]','$argon2id$v=19$m=65536,t=4,p=1$RBn2Xo2bMpdcZEg9/bn1FQ$VdAwXjOB7Li3jfBCS6c69ZTzdSLA8GA42eCHsI32kno'),(275,'caromora238@gmail.com','Carolina','Mora Sánchez','3137457388','Medellin','Colombia','2020-02-06','[]','$argon2id$v=19$m=65536,t=4,p=1$fPoOMBusrjKmV0zCehwguQ$yCe3NK6OgNFiJXNzy6/FPtunjXJ/D8BFs+RVpe5d+b0'),(276,'alejandro_munozve@virtual.ceipa.edu.co','Alejandro','Muñoz','3202666638','Medellin','Colombia','2020-02-06','[]','$argon2id$v=19$m=65536,t=4,p=1$3/Agp3ctUfoyHORyVhvfNQ$iHiQaod89ztcMTC9H7+QrbSTHN6QTghZxcN+jn9uNN4'),(280,'juanferney2020g@gmail.com','juan ferney','giraldo gomez','3104392534','peñol antioquia','colombia','2020-02-07','[]','$argon2id$v=19$m=65536,t=4,p=1$kVtkFcl7nMXtMmm10yKeQA$9KiIOWnu7aZZmISU6ZIQZ6WtFmjZwto794smLIBA/wA'),(284,'clauzazapata2809@gmail.com','Claudia','Zapata  Arboleda','3015733508','Bello','Colombia','2020-02-07','[]','$argon2id$v=19$m=65536,t=4,p=1$eZc70+Wm2S13UPhtrTcp+g$iAR/iRJKpwjSlBtuW48AgC/IVstV3TfmF3GxQzoXGts'),(285,'gloriaaltamar7@gmail.com','Gloria','Altamar fontalvo','3023161322','Medellin','Colombia','2020-02-07','[]','$argon2id$v=19$m=65536,t=4,p=1$1TZoK6bI6jCM7yB2aX69Qw$sO62frjtP608kQH33a3AaijdRECv0ycUO4sWcV133L8'),(286,'vivimajo83@hotmail.com','Bibiana Isabel','Salas Velez','3218922194','Medellin','Colombia','2020-02-08','[]','$argon2id$v=19$m=65536,t=4,p=1$/U2i2jSKR2aXquHUUZjYiQ$NXmsxe5NiGf5gHx8P0fkl5ULArAIQP3Qj0DglKpT3LI'),(287,'luisagarcia2262@gmail.com','Luisa fernanda','Echavarria García','3012634128','Medellin','Colombia','2020-02-08','[]','$argon2id$v=19$m=65536,t=4,p=1$E9boGLDmc5qLjrpa7zm6Dw$JCNavkWLGqCHW0pIGtfWi77gRsapv34JGaQ46JkbRW4'),(288,'doneliaarriola@gmail.com','Donelia','Arriola Mendez','3194945472','Medellin','Colombia','2020-02-08','[]','$argon2id$v=19$m=65536,t=4,p=1$M1CQ7tGkBPAusiN6sOgrgQ$kbmYSvn05SrfNCqzRJuA6ztysztLejb+n/xx44ssMNQ'),(289,'tatianacarmona426@gmail.com','Tatiana','Carmona','3147502822','Anori','Colombia','2020-02-09','[]','$argon2id$v=19$m=65536,t=4,p=1$XbDTIlrbT/okVqLn0U2tFw$7TFXJB0oMmwA4Vlp2vt7+pvn2GElBZ374/HQS1LeQlw'),(290,'lubianalegarda@gmail.com','Lubiana','Ochoa legarda','3232954611','Anori','Colombia','2020-02-09','[]','$argon2id$v=19$m=65536,t=4,p=1$mEeahl3xF7y94OuMLNSHjQ$5O8bVnPz1XhiUp2GUDcbBhBN2Y1Wwv0cISXzYQWFn/k'),(291,'manuelsusuga123@gmail.com','Manuel','Salvador usuga','3105424266','Anori','Colombia','2020-02-09','[]','$argon2id$v=19$m=65536,t=4,p=1$iO/w39HYEHXEt4q5ZwGyBg$YuZQUhk09yQ+Dl/pkM36rbJXsAXQj3HiU9InsH1mdz8'),(292,'ospinayaneth1993@gmail.com','Luz yanenth','Franco ospina','3107306584','Anori','Colombia','2020-02-09','[]','$argon2id$v=19$m=65536,t=4,p=1$yBy5ZaTWAINy+T/JQBQzLQ$qvPCyt7WvkaSsSnHRZ2HBCwKllOr0qJa2/SgkfZMstM'),(293,'lauri-ta.20@live.com','Laura Catalina','Acevedo posada','3113125750','Anori','Colombia','2020-02-09','[]','$argon2id$v=19$m=65536,t=4,p=1$/UMzkP0mm8Q4p7w0OcQvTQ$imfPiWjQbUMRWBx6KuqGajbe7liDjMzLuqAlRB7EQEQ'),(297,'helenagranda05@gmail.com','Cruz helena','Granda','3217140255','Medellin','Colombia','2020-02-09','[]','$argon2id$v=19$m=65536,t=4,p=1$wQV1yMyhCSxlBBvD36xJbg$Ri3Pjfe1TNPuRFP8EjiafMwytsAK4Io486bcHp/UojA'),(299,'carlos.ochoa@unestadonatural.com','Carlos','Ochoa','3137469972','Sabaneta','Colombia','2020-02-09','[]','$argon2id$v=19$m=65536,t=4,p=1$K19pYhYpithB0rO3/soyjw$8LH4SN+v239nMBW1r1KlFPIkuZESI8EMwBq/9vS2SjQ'),(300,'jhongarciatamayo@gmail.com','Jhon Jairo','Garcia','3215666728','Medellin','Colombia','2020-02-09','[]','$argon2id$v=19$m=65536,t=4,p=1$0qh7kgXJUAm4YRbtOgq+Fg$tuml45lCgwa50/dvk9DiW4LsDRs5g6NuyQeJZWjk/FI'),(301,'marlenygvelilla@gmail.com','Marleny','García velilla','3002000675','Medellín','Colombia','2020-02-09','[]','$argon2id$v=19$m=65536,t=4,p=1$STBzkO+PyIA+vmUGA7jgnw$6RYkHVb8/ntFzdYrUk3eCVS7CWwDl2waoGnIBrHUElw'),(303,'liceiderzapata@hotmail.com','Liceider','Zapata','3217162520','Anori','Colombia','2020-02-09','[]','$argon2id$v=19$m=65536,t=4,p=1$o3sfKxR4jb8FWprafvZcgw$u6VmSs3rni+l3TZ+omvO3DHxBNG5R28OfaitF5u7HHE'),(304,'omarodriguez0407@hotmail.com','Omaira','Rodríguez','3106350302','Anori','Colombia','2020-02-09','[]','$argon2id$v=19$m=65536,t=4,p=1$x3u4TKJaZH8+ltlVzql2OA$sS9oW5k02WHR/zLRJxO6nsDX0l35wEL1jq3oOaMH2OY'),(305,'numarzapata@hotmail.com','Numar','Zapata','3145403434','Anori','Colombia','2020-02-09','[]','$argon2id$v=19$m=65536,t=4,p=1$2cMdm+uwlQi1wG66Z5SB4g$U6W795nzFsVoCywG4MtEI/hgsDlePULP3pGmg04mKWw'),(306,'duber274@hotmail.com','Duber','Uñate','3116013117','Anori','Colombia','2020-02-09','[]','$argon2id$v=19$m=65536,t=4,p=1$ObtS4XroQt8kG1GGCrDRpg$obxNIafkHmgPMHEXM3WVuJiwDrQPvmc3fSDTyDYMRzs'),(307,'numarza31454@hotmail.com','Numar','Zapata','3217475182','Anori','Colombia','2020-02-09','[]','$argon2id$v=19$m=65536,t=4,p=1$RwPKj2QVEJWUt2Zz/rXxYA$p/l2pb15DuTLu5mvgl66Rm1wCxqchYQocqdg5laekuI'),(308,'oralia_londono@hotmail.com','Oralia','Londoño','3113949636','Anori','Colombia','2020-02-09','[]','$argon2id$v=19$m=65536,t=4,p=1$vdQrIFuLlvxPChF7+Vorig$JG7KISlCcfHQKn9wNFnPoJLb6/54UH71WuSdzOIiA0w'),(309,'ospinayaneth1993@gmil.com','Luz janeth','Franco ospina','3107306584','Municipio anori','Colombia','2020-02-09','[]','$argon2id$v=19$m=65536,t=4,p=1$75Q++AByC9zYP7FRjhCjmg$nQUS0ULja9fAdi3Jxz9aIeMbaHY01NLtj0T3F/tvZsU'),(310,'cenedina33@yahoo.com','Enedina','Castaño castaño','3217778939','Envigado','Colombia','2020-02-10','[]','$argon2id$v=19$m=65536,t=4,p=1$WufN4x+7gfGFjJ+juIfXaQ$hZVOLigajuJDcdFIveuJnK7DIupJ6jIPlAkb5gxuNuM'),(313,'cc469034@gmail.com','Carlos Alberto','Muñoz castaño','3148326239','Envigado','Colombia','2020-02-10','[]','$argon2id$v=19$m=65536,t=4,p=1$qSZJq3yXF6hP2y2UrWBMBA$lOqene2dlcWnzt0nV9DDRQBZFQP0H7aM4dYO4lh4TdE'),(314,'reinaldo_serna@hotmail.com','Reinaldo','Serna Escobar','3104089609','Bello','Colombia','2020-02-10','[]','$argon2id$v=19$m=65536,t=4,p=1$gqQxk+VmYXPC24Y4XEgt5Q$S6BXFEll5lVDaN9Fvf1NoN+reXhSBIiJRR2qGX97ZuU'),(319,'waltergiraldo123@hotmail.com','Walter','Giraldo','3127172116','Medellin','Colombia','2020-02-11','[]','$argon2id$v=19$m=65536,t=4,p=1$8dn3fiyYz6zv+ERBELiUIw$6bbe2HrgZxL9QVE9MRPPWdJudOV4rnWNfArXlVPYNn0'),(320,'durle2303@gmail.com','Luz Marina','Arboleda Hernandez','3145584634','Santa Marta','colombia','2020-02-11','[]','$argon2id$v=19$m=65536,t=4,p=1$XWRTRt8CRJYyaEZZkmoMkQ$T/VS43cWUHAEzuWziAMq9Lc5dzQFHYr+RK2v8Y/llno'),(321,'josemanuelt1405@gmail.com','José Manuel','Trujillo Rodriguez','3058952120','Medellín','Colombia','2020-02-11','[]','$argon2id$v=19$m=65536,t=4,p=1$cMl7F2urKaCJOQhBOqlNJw$mOcW1VwBcbCuPIDbCA2YG9MU5lZ3ippDjYRnbvHFQYU'),(322,'hmontoya20092011@hotmail.com','Heidy','Montoya','3117383601','Medellín','Colombia','2020-02-11','[]','$argon2id$v=19$m=65536,t=4,p=1$Ii3rk6vFJrxGfkfVW3Iikw$00pMRKjf+9dy7z9lJCiR2sxNgFduO5hu9WWuGo3aG3E'),(323,'juanfer.pez@gmail.com','Juan Fernando','Ruiz','+573017104307','BELLO','Colombia','2020-02-11','[]','$argon2id$v=19$m=65536,t=4,p=1$STfA/1FUw76+wNmvuYu7uw$aPVBzEMLyUpgHa9ZYkMharHDllbBKn4Jco+LdXDtRw8'),(324,'sagudelo1895@hotmail.com','Pedro Alejandro','Agudelo Montoya','3014382966','Medellin','Colombia','2020-02-11','[]','$argon2id$v=19$m=65536,t=4,p=1$LR1sTKWbcmEz3UNMlKg7kA$1v5KLf1t+7+vhO6LRUBz6LM4VFKrp5XqKg3jttJHVSE'),(325,'j.marthanelly@hotmail.com','Martha Nelly','Jimenez Zuluaga','3128073719','medellin','colombia','2020-02-11','[]','$argon2id$v=19$m=65536,t=4,p=1$KOcUsGz/sEuAzvbC529Euw$3PKAeYuBprPtyovzqnpr7bt7TIPVM0hmc5V6w/J3eLE'),(326,'amklob02@gmail.com','Andrés','Medina','3183771679','Medellín','Colombia','2020-02-11','[]','$argon2id$v=19$m=65536,t=4,p=1$ioT1ZSz4Wl+uZ7woJqbuLQ$VQUzWZWZ+KmoaXv+etLfBbcXiRkXndrTQbLcGdjew+4'),(327,'salazarf727@gmail.com','Fernanda','Salazar','3184152172','Medellín','Colombia','2020-02-11','[]','$argon2id$v=19$m=65536,t=4,p=1$GpFJVkQz5U52HC/fRHs+HQ$TSu0HS8qy6P8+WDwBsBH/gwlwWsFk1bzC5FrYldqlWc'),(328,'varvalenciajaime@gmail.com','Jaime Alonso','Vargas','3164484174','Medellín','Colombia','2020-02-11','[]','$argon2id$v=19$m=65536,t=4,p=1$8mKNwmll/DtXrssecSdDhA$+rsMba4n+/LJgnH4qd7PKTMuHcZYAfIEZJ/I33NjiuE'),(329,'jhonj2106@gmail.com','John jairo','Muñoz Arias','3206179850','Medellin','Colombia','2020-02-11','[]','$argon2id$v=19$m=65536,t=4,p=1$3VcTM/Vi+C0ICLrqAgwa5A$Dx2HZCl11zh1vqDU/6TqMyH6GejqDBITVtcfXAPC4jg'),(330,'margaritalr87@gmail.com','Margarita','López Reinoso','3137101957','Medellin','Colombia','2020-02-11','[]','$argon2id$v=19$m=65536,t=4,p=1$2IZhO2UoLqwxHv2sMX7Oyg$IX+8VIHcc68O/e40MgnEOTbo9mzp4FE1QJ7GqjPKwr4'),(331,'amparotabares203@gmail.com','Amparo','Tabares','3137639682','Itagüi','Colombia','2020-02-11','[]','$argon2id$v=19$m=65536,t=4,p=1$zS1WqK3oQGxSEsllCMsCAg$PmyCv0MnakSH/k8qEeWBlfaHCl59fNb8wBA7+CuFsDs'),(332,'rasami1959@gmail.com','Mauricio','segura Bermudez','3128713855','Medellín','Colombia','2020-02-11','[]','$argon2id$v=19$m=65536,t=4,p=1$no/grtdImCnZ8fJ5LSTxxw$9SBdEf/AXoxousSjDO+vhJjv/MV2gDNsGdFabWk8apo'),(333,'galexis77@hotmail.com','Gustavo alexis','Idarraga mejia','3012789655','Medellín','Colombia','2020-02-12','[]','$argon2id$v=19$m=65536,t=4,p=1$J1rqzXy3/URQBT53cu6new$5iLNdMY+Ed5/rzzhVVQYGFOpzk3/rfCz17Jis3mOWHk'),(334,'ehls8603@gmail.com','Daniela','Ochoa jimenez','3117147972','Medellin','Colombia','2020-02-12','[]','$argon2id$v=19$m=65536,t=4,p=1$9fHQCXHXvZoKjQujwGOWTQ$3fFxyDFdPLhhsUbOI8Z61BWa2WblV4YN8YJtY8KRU8U'),(335,'samuelvanegaspalacio@hotmail.com','Eliecer','Vanegas palacio','3225359362','Medellin','Colombia','2020-02-12','[]','$argon2id$v=19$m=65536,t=4,p=1$BZMnBhnh3Gyx9AftM3XIWQ$3r6sQGVkir+56E7wuxF/ujo1IIfGuXw95DCFmBHrmuA'),(336,'sysadmon2006@gmail.com','Yullie andrea','Palacio guzman','3235970757','Medellin','Colombia','2020-02-12','[]','$argon2id$v=19$m=65536,t=4,p=1$tuntjqWwpB/3vpqKa3k1FA$mwa+wbicpOiByWuvTnlItww4kYToiQ865lzxrCin6t8'),(338,'alanmil1987@hotmail.com','Heber Alonso','Vergara Sánchez','3137876820','Medellín','Colombia','2020-02-12','[]','$argon2id$v=19$m=65536,t=4,p=1$K+JJhgmERmAyAQElC3qWPQ$zoYx5v+KCJov61uXqzOjzV9iRBCV1tRg4oPcEUzMNkY'),(339,'franfervr@hotmail.co','Francisco Fdo','Vanegas Rodríguez','3173478931','Medellín','Colombia','2020-02-12','[]','$argon2id$v=19$m=65536,t=4,p=1$Wcbh367gc2QjFTIenBj+bg$AnTT+0fm/bhLOq6ooMDdSEBkcW/N6r8Yxzl5YUUxi4c'),(340,'manpaz28@gmail.com','Germán Dario','Acevedo Giraldo','3104902529','Medellin','Colombia','2020-02-12','[]','$argon2id$v=19$m=65536,t=4,p=1$bHJUPiWlRiXS8cPIodrCIQ$qGoYJYp6Qe/TQ3XOnpudAygYdacFyTLhaTbhKrtk/DI'),(342,'princessynthia408@hotmail.es','Cynthia','Valencia','3012096766','Medellín','Colombia','2020-02-12','[]','$argon2id$v=19$m=65536,t=4,p=1$87Y6CGwdaAUfRtHKR2XffA$Qgf5ozEmNx0AJz9FoZIdGJrePDFxGJeGimLtNtHd2jU'),(343,'karen_cita_127@hotmail.com','Juan','Castaño','3185278980','Medellín','Colombia','2020-02-12','[]','$argon2id$v=19$m=65536,t=4,p=1$M1CvUy2URRc/Rh0b6zNF+w$BZM1RcuRvPKRYxRLoIpNkprAv26tZ3n5/qGNHSy0TBs'),(344,'denimo18@hotmail.com','Jero','Moreno','3023178081','Medellín','Colombia','2020-02-12','[]','$argon2id$v=19$m=65536,t=4,p=1$OrQXPXrWpir0pEIA5QILNg$KBMx30Bf6YCgtUiV6/peYbzdf/nBb0TFIOkzo9xDGoE'),(347,'denimo18@hotmail.es','Yolanda','Mariaca','3007424046','Medellín','Colombia','2020-02-12','[]','$argon2id$v=19$m=65536,t=4,p=1$rXW+l6ey75R412D621ESeg$p+pL0poLNpnaadc/IrDWtbogs+RnhPoa4azPm+FaGXU'),(348,'dormar@hotmail.com','Dora','Mariaca','3146587482','Medellín','Colombia','2020-02-12','[]','$argon2id$v=19$m=65536,t=4,p=1$Y78AGcXsU+zFAfOkulks9A$zyD8mzUUckQYB8w9MkiEHe4W3gaVEMZ0qmwPOsGzXc8'),(350,'yyhm5272313@gmail.com','Yessica yiceth','Hernandez moreno','3022707609','Medellin','Colombia','2020-02-12','[]','$argon2id$v=19$m=65536,t=4,p=1$A6OlLTHlHOqTMWEgAJDX9w$r8odnUQ+JcOYjhO3o3VW6xzuD5nRuVeVhLV5ri86xGo'),(351,'johangil2@gmail.com','Johan','Gil','3113718885','Medellin','Colombia','2020-02-12','[]','$argon2id$v=19$m=65536,t=4,p=1$2QFl0S1F7VsMjF3+bLkSfw$sHSzmHkV0/pjkbGYQ/UB+QOvkZJ+rahq84cC8202qMY'),(352,'edisonzapata74@yahoo.com','edison','zapata','(+57)3217577310','Medellin','Colombia','2020-02-12','[]','$argon2id$v=19$m=65536,t=4,p=1$TEQf0Pzps8PCh9l0QzJL4A$eqcFlXOBWccxEAqh9A+i+8BD8QAsroflBM7vZmhWd3s'),(353,'ali-ss-12@hotmail.com','Luz dary','García Acosta','3104370212','Medellín','Colombia','2020-02-12','[]','$argon2id$v=19$m=65536,t=4,p=1$1RMTkvPJurQYKt/+JuFXbQ$3PzHyfRtzDlVgcpocPbTONLRmrHU9hwENoA1GrLVjKU'),(354,'agposada9@misena.edu.co','Ana gabriela','Posada macias','3046080839','Medellin','Colombia','2020-02-12','[]','$argon2id$v=19$m=65536,t=4,p=1$DuIsh/63/UbDMtzPSz5++g$ER9ERbiXl9mntqt3XAAtuRiEa3QU1Rkh8zkeiofLjgs'),(355,'jesusoviedo1904@outlook.com','Jesús Antonio','Oviedo Chaparro','3175269301','Bucaramanga','Colombia','2020-02-12','[]','$argon2id$v=19$m=65536,t=4,p=1$4uQAFljkwIIzzyU9kOlG5g$aN9NmqFwLVxbUIxat1eSZbAde9oUNsK9e2hBQBRDVoY'),(356,'marlenerdz73@gmail.com','Marlene','Rodríguez Castaño','3148936709','Anori','Colombia','2020-02-12','[]','$argon2id$v=19$m=65536,t=4,p=1$q9pWr83zHLQf6GM7ABgVBg$J/TKgs6TrziXqJ2Cav1QABmdZw2ZK+y8KwDljixC+9Q'),(357,'patriciazapata1512@gmail.com','Patricia Elena','Zapata Arboleda','3126481355','Bello','Colombia','2020-02-12','[]','$argon2id$v=19$m=65536,t=4,p=1$9//qXr9e/iZ46ePgpZEwTw$f4BNwTCAlTnTZ7voSJ3md2oha2Z3R/QyrNyRKvsdvO4'),(358,'edisonroldan1986@gmail.com','Edison','Roldán Moreno','3122255296','Medellín','Colombia','2020-02-12','[]','$argon2id$v=19$m=65536,t=4,p=1$l8fC9xGJYBWVYIHDKhyWMg$PK4yoVOzWEX4zPapIstTtfwpYc5UKD8JjbX4RAkNUpU'),(362,'mariacgt39@gmail.com','MARIA','GALEANO','3137339122','Bello','Colombia','2020-02-12','[]','$argon2id$v=19$m=65536,t=4,p=1$Gc4/c3kllwIv8c4OZFOXtA$awobeRb0dJlgcB9bh9PE+L1N5X5fioZmpVgrI/OG2S4'),(363,'joco771@gmail.com','Jefferson','Ospina Castaño','3208613718','Medellín','Colombia','2020-02-12','[]','$argon2id$v=19$m=65536,t=4,p=1$NQrly/w9JZmd+ziSe0vX3Q$QdofkSUIT0MP9/I4Uc1lDbM2M2YPikXJq8BNOdopgro'),(364,'jhon_vanegas10271987@hotmail.com','Jhon Fredy','Vanegas Bedoya','3147976242','Medelin','Colombia','2020-02-12','[]','$argon2id$v=19$m=65536,t=4,p=1$7Fzcb7rIPVa6CqO/MtpqBw$0yp9UkSrWHxwGWDVaT/bv8YF+rQ2KcpLjyj0dMVli00'),(365,'leidyquin01@hotmail.com','Leidy Yohana','Quintero Gallego','3014043249','itagui','colombia','2020-02-12','[]','$argon2id$v=19$m=65536,t=4,p=1$HpAouTP+pzN7jV4UjaZ88A$6WDEubCq3VfH5CZaTggkhQj36j6u4WI2RRofOxM3Ypw'),(366,'hinliliana003@gmail.com','liliana','hincapie','3133783639','el peñol antioquia','colombia','2020-02-12','[]','$argon2id$v=19$m=65536,t=4,p=1$h8+noiioIbvzZDmkHt4fgA$MK5IsvlcC1Dd+lifSwRHl6/bxrZ0NJmMkivyrr2XWZc'),(367,'lilianahincapie0809@gmail.com','Liliana','Hincapie','3234780886','El Peñol','Colombia','2020-02-12','[]','$argon2id$v=19$m=65536,t=4,p=1$uIQc1V7K+9coW8IIucWvjQ$yQ9j5TQH26fgg/cSFY+zsR/W7DNpFgnkyJEs+nb2I7o'),(368,'mafesagi97@hotmail.com','Manuela Fernanda','Sandoval Giraldo','3197081344','Calarca','colombia','2020-02-12','[]','$argon2id$v=19$m=65536,t=4,p=1$16Bzq5InDcEiVIc6x0pGGw$4peWd38JR6Uqw0vQsVhbr+XruS5O6reeirrrBraRDQM'),(369,'aleylaura12345@gmail.com','Cristobal','Velandia melendez','3117984964','Bucaramanga','Colombia','2020-02-12','[]','$argon2id$v=19$m=65536,t=4,p=1$nmiPJLkaRxdJogMevHmcAQ$IMXTC8cWiG/AXa3IaLBvmJlWf4Z47ZbMmBYUZ/XYB+s'),(370,'jonnatan00926@gmail.com','Jonathan','Angarita vidal','3153119148','Bucaramanga','Colombia','2020-02-12','[]','$argon2id$v=19$m=65536,t=4,p=1$E8w4UO1rGDWVyCvdOnKscQ$K6wRPZj+Sx6i1FVZz4WKRKglvcBcTBQFjCRBi9xZ6PY'),(371,'andreakvidal@hotmail.com','Andre katerine','Vidal duque','3175192397','Bucaramanga','Colombia','2020-02-12','[]','$argon2id$v=19$m=65536,t=4,p=1$VJhuUYBD6YSSIc03h/HGQA$rIWWDMK1bfF5fsMJODWHztdndZK8fHPWZN0MqyRyiKk'),(372,'magupi25@gmail.com','Julieth Andrea','Pinzon Villa','3116604030','Anori','Colombia','2020-02-12','[]','$argon2id$v=19$m=65536,t=4,p=1$9/0oodKtTmLIpbcUBAUSDg$LzBqpaRQwv0yaVs0BxRSHbCx0KgV12pCncjWTlMtlDM'),(373,'yuyo.g05@gmail.com','Alvaro','Gutierrez restrepo','3148222494','Anori','Colombia','2020-02-12','[]','$argon2id$v=19$m=65536,t=4,p=1$BEbZCnET24H+90JAr9qM5A$uSV3WXMFJQz4ci4JQRTtuyqpYLPihpoZLQqOBh0lc3Q'),(374,'mariest.gloria@gmail.com','Gloria Yaneth','Munera Durango','3208431198','Medellin','Colombia','2020-02-12','[]','$argon2id$v=19$m=65536,t=4,p=1$vPdiFkF+7jGoN5ugIfvjvw$KozJMmJKd+bjteFSjx/PxvWwOFYQijpz77zBNrChajU'),(375,'Orregoa17@gmail.com','Andres Felipe','Restrepo orrego','3008281248','Bello','Colombia','2020-02-12','[]','$argon2id$v=19$m=65536,t=4,p=1$b6lewu8jLK13Vcy9GpieyQ$0BsPpk1D3rdXXxNbQ752coTMnFc4CqfutNB2RGrP/4s'),(377,'carlosagmniche@gmail.com','Carlos','Gomez','3128489520','Medellin','Colombia','2020-02-12','[]','$argon2id$v=19$m=65536,t=4,p=1$j1TG+kyKsp7uxMHHmLjV2g$li3AsAyrrrqvwmbYqtDoFzoSQ/7jhfSPDqZbTs2m9OA'),(379,'isaalarcon@hotmail.com','Andrés Felipe','Gutiérrez Aristizabal','3147637956','Medellin','Colombia','2020-02-12','[]','$argon2id$v=19$m=65536,t=4,p=1$dLSOtgzLugt4YW6svM65sw$S2iU2r1V9XJWcMjE/GrEPrIOlsOLzOpXhQTxoVe7JL0'),(380,'turrego0522@gmail.com','Tatiana','Urrego quintero','3216136382','Medellin','Colombia','2020-02-12','[]','$argon2id$v=19$m=65536,t=4,p=1$An0AJ/K/LqbpNhgZHphyEw$6NZy34JQ7PXHCKkVoCjV+fTHr0MDVESbjzWdkk55eIY'),(381,'beatacastano@gmail.com','Beatriz Helena','Castaño Hoyos','31288150515','Anori','Colombia','2020-02-12','[]','$argon2id$v=19$m=65536,t=4,p=1$3IioQFUXz09aCdYUKxDPnQ$Fm3fOIN+8E4x3T0099JAW3jU9GVhEfiXJCPU3MFh3us'),(382,'tatii5120@hotmail.com','Claudia patricia','Quintero henao','3127573525','Medellin','Colombia','2020-02-12','[]','$argon2id$v=19$m=65536,t=4,p=1$iv3HTY6aj8/WBe8gYj7VGA$hpbWuqsEq6aq84FuosFdWdtP8/2cKCF3CecHlmsd4+A'),(383,'alvarezzapatadaniela@gmail.com','Daniela','Alvarez','3206241184','Anori','Colombia','2020-02-12','[]','$argon2id$v=19$m=65536,t=4,p=1$PROTQkw0HAg56eE4nuVwxw$u7w/YB92UqAez2u9OxHMSRqYuuRj1hJWLBUeHtTq93Q'),(384,'magnoliacastanoh@gmail.com','Magnolia Amparo','Castaño Hoyos','3206727041','Anori','Colombia','2020-02-12','[]','$argon2id$v=19$m=65536,t=4,p=1$yNqKvhAlS4Q77fc8iKpicw$k+niRrY8Qsn6lQ7dds/SLfDzNGLY1hRqc8tU3kWoxAU'),(385,'kevinvalenciz@gmail.com','Kevin','Valencia','3003752770','Medellín','Colombia','2020-02-12','[]','$argon2id$v=19$m=65536,t=4,p=1$fZaonVfVKTkGGiLf2QhwlQ$jZD6yHTxcVske9isa+NegiJOFUC1Ilr9GXQKlDp7A7M'),(386,'maluorzu@hotmail.com','Margarita Lucía','Orozco Zuluaga','3147752433','Medellín','Colombia','2020-02-12','[]','$argon2id$v=19$m=65536,t=4,p=1$TLJlIfEidgnMdAVfkgQULw$CuZHx2/QUURUP4lNfJKOGFgAywPeq8k5MLWVtjll5MU'),(387,'katerineflorez18@gmail.com','Katerine','Florez Sirocama','3128326761','Anori','Colombia','2020-02-12','[]','$argon2id$v=19$m=65536,t=4,p=1$X5qorleleGMpzE/x4Hv6QQ$1A5ZB0y08rEVPiVZghhQiSUnfM1VpH+UMBRxqr/hhQ0'),(389,'clubprovitur@gmail.com','Jose','Vera Lopez','3136440647','Medellin','colombia','2020-02-12','[]','$argon2id$v=19$m=65536,t=4,p=1$+QP8VL3kvBgKHU9degj6WQ$pEqoG2qSNwd7gZ4wwQ9owzk6czgDEo/MCQklgtrLRtA'),(392,'dianarojas1809@hotmail.com','Díana Patricia','Rojas arias','3187168362','Medellín','Colombia','2020-02-12','[]','$argon2id$v=19$m=65536,t=4,p=1$k328H6v0Z2Z+fS/niwTpUQ$InZzQbj99VHa8PLcZw4wZJT/wBuAhaisVLK+ha+8dY0'),(393,'erimaritza2412@hotnail.com','Erika','Chaverra','3005929469','Medellin','Colombia','2020-02-12','[]','$argon2id$v=19$m=65536,t=4,p=1$RdIqWNfxgVf0qIstdKe43Q$mwFPeHhjlAC8OxyN8P2XEDSWO1xKjs/o/pCZaIBdmNg'),(394,'erimaritza2412@hotmail.com','Erika','Chaverra','3005929469','Medellin','Colombia','2020-02-12','[]','$argon2id$v=19$m=65536,t=4,p=1$etZdzi9HFNl55Ijw7+2PzQ$2VrXoQrm2H5CW3uO+P9fJ+Z95R8NJzpAC8O7BOCmbpk'),(397,'yulispalacios1972@hotmail.com','Yulis','Palacios mosquera','3133101568','Bogota','Colombia','2020-02-12','[]','$argon2id$v=19$m=65536,t=4,p=1$iT1LMygDHpAdlywiPD3U3g$d97auaCvkQvMOP5fvEbONHkkWSgqpSGFOFh2OhkWFE0'),(399,'maricris3082@gmail.com','Augusto','Contreras','3225407007','Medellin','Colombia','2020-02-12','[]','$argon2id$v=19$m=65536,t=4,p=1$GJ4FnE2SIKmI3x9pC4EjuQ$9I1EFbzoV2pL4mHmnTgoIi70b6L2ftbG87RUJ9gLFEg'),(400,'adrianam_2007@hotmail.com','Adriana María','Zuluaga orrego','3167333648','Medellin','Colombia','2020-02-12','[]','$argon2id$v=19$m=65536,t=4,p=1$OT40HgZqXlMgJ1k1OxccKw$89HmxGnljxkThqTI/tP3WEP9m5iL8GhlsbJN7pOvaP8'),(401,'lkjh@gmail.com','Marcos','Blandon','3218127171','Medellin','Colombia','2020-02-12','[]','$argon2id$v=19$m=65536,t=4,p=1$t9A+mEH4crV5M1i6RU+2eQ$VBGn3qngE3GV3SGwd4I34Z95Q6CmgnsTiAmV8yDIQp8'),(402,'julianescobar1110@gmail.com','Julian','Escobar Rojas','3215452962','Medellin','Colombia','2020-02-12','[]','$argon2id$v=19$m=65536,t=4,p=1$jdnU+YAV8DTVdLyejmTObg$mz6jA5qSP84GGfS8xGyRLTgjHIHqV6p1fcRO0E2K5Gs'),(403,'abcde@gmail.com','Elvia','Ospina','3117734526','Medellin','Colombia','2020-02-12','[]','$argon2id$v=19$m=65536,t=4,p=1$JRy4oN2fSzyxd8X+VhliFA$LckKs3vggjMW8or1s6rQRMRJxF2RG5ZF4hJF5ogZtQo'),(404,'crisrojas0721@yahoo.com','Cristina','Rojas Arias','3117198216','Medellin','Colombia','2020-02-12','[]','$argon2id$v=19$m=65536,t=4,p=1$kcS/iT7MHyazJv020XFfQg$jNJO35m7jz+c7CuMloO3AQezvmNd+jewrF//tgeJEDI'),(405,'hildamamamosquera@hotmail.com','hilda melania','mosquera palacios','3133101568','Bello','Colombia','2020-02-12','[]','$argon2id$v=19$m=65536,t=4,p=1$1RU+rN8XO8RdyBn+OZ1sHQ$fT8ik33lcVTlEJWb/1uOc2hvHkK0IrhV9RkfHiw4wLU'),(406,'maxigiro15@gmail.com','Mayra','Giron','3114756625','Medellin','Colombia','2020-02-12','[]','$argon2id$v=19$m=65536,t=4,p=1$He7nNK2lj7i7gkM3KtBIFg$eKgj36AWjb53KCLQFlOWaXDgcS5BG5ehRC8YWeC/XLc'),(408,'juandaca1996@gmail.com','Juan David','Cardona','3117250232','Medellin','Colombia','2020-02-12','[]','$argon2id$v=19$m=65536,t=4,p=1$2HSUsc/T609QPeR72+M0Mw$SFCQ9KvQRi8J+39IL8Vsr+kntrsn9vrWBtiEUsiX++M'),(409,'el10delfm@gmail.com','Jorge Alejandro','Diez Betancur','3192980694','Medellín','Colombia','2020-02-12','[]','$argon2id$v=19$m=65536,t=4,p=1$ix97Eb4E3mgzJ5s3hzxb/Q$lrKY2ZDCoMlHHh7StvfPKpSWcOo0PABwr+EvOgtUsDU'),(410,'eliseopalaciosmosquera1968@hotmail.com','eliseo','palacios mosquera','3133101568','Bogota','Colombia','2020-02-12','[]','$argon2id$v=19$m=65536,t=4,p=1$tyF9/uU4p+XfJbqZ4O+8FA$dOXchUZWX0sggUNRnol2an42GLyoHZE/Rswk79EqzvE'),(411,'mary007689@hotmail.com','Maria','Villa','9548516958','CORAL SPRINGS','Estados unidos','2020-02-12','[]','$argon2id$v=19$m=65536,t=4,p=1$t3qLlcxAVb7noV/+1TKlGQ$FwuSIpA3QjwREZBxEFCnB/FZp65oSA9RvKLbTsG5zss'),(412,'Maringomezluzdary@gmail.com','luz dary','marin','3202332601','peñol','colombia','2020-02-12','[]','$argon2id$v=19$m=65536,t=4,p=1$1S9W4Crc2mcrqw7bLzyOxg$RPkHEg5wUul5Zc4NSIdmjhx2eCAqzEjzAkooLO+aFSQ'),(413,'stefaflorez.2001@gmail.com','Stefania','Florez Sirocama','3135527002','Anori','Colombia','2020-02-12','[]','$argon2id$v=19$m=65536,t=4,p=1$/K5bJIvpIUUtS1hKqreODQ$5KUUsk9ujPCs8KSZZmxKcFuR87dNd4reM6dOS9KRqIQ'),(414,'yeibetan6789@hotmail.com','Yeison','Betancur','3006972170','Medellín','Colombia','2020-02-12','[]','$argon2id$v=19$m=65536,t=4,p=1$x/24lCU8wgwGDyzRDII31g$vJHE74r6esrH5TQ81ZwuMSn9bnrDEaITiF3xMH1h/yk'),(415,'rihannaprinxes@gmail.com','Valentina','Londoño','3138628646','Medellin','Colombia','2020-02-12','[]','$argon2id$v=19$m=65536,t=4,p=1$PHidxMexu7jYCdIeBSBBnA$xEgOqowjvSUQT+0NpaUB7IwSCPl1kD6ovkUDr09SnDM'),(416,'meli-1125@hotmail.com','Melissa','Londoño','3015295971','Medellin','Colombia','2020-02-12','[]','$argon2id$v=19$m=65536,t=4,p=1$m3wjkKoP9kU8Bq3cScRA4w$vPlx2aR4y8NB2uMLs3OJIqRmePteaX0M3U8FeYrqIAY'),(417,'florencio.palacios2330@gmail.com','Florencio','Palacios mena','3213290611','Medellín','Colombia','2020-02-12','[]','$argon2id$v=19$m=65536,t=4,p=1$/fceT94DbV+NocKxoeG+zQ$Yux891amPUk40v0BWgDZP78cKxw6X11YUXNgJPs4750'),(418,'zoraidamena1@gmail.com','Zoraida','Nena palacios','3145067095','Medellin','Colombia','2020-02-12','[]','$argon2id$v=19$m=65536,t=4,p=1$Kf+uNqWUxsadtU7LPkt03A$wAVjEZ95q+jq/lcrPLLoezg01Ri8IYe/FsHoOqvPqnA'),(419,'jose.menar2175@gmail.com','Beneranda','Palacios rubio','3137685592','Medellín','Colombia','2020-02-12','[]','$argon2id$v=19$m=65536,t=4,p=1$bKjmLqt8FXfcHpXHOOcB/g$c36GLbw/MJ7hDmLnaOjX0AAG2CKYmdxGHCEMeoRmD8M'),(420,'camilagb1727@hotmail.com','Camila','García Bedoya','3103825815','Medellin','Colombia','2020-02-13','[]','$argon2id$v=19$m=65536,t=4,p=1$rXoKsw1intvvZgHw3eWjWg$f6WyyLvCGs7bNrPd9KPK5SqtRb2P3Hou1LZpAJ2u4oo'),(421,'cruz.ag19@hotmail.com','Cruzdey','Aristizabal Giraldo','3206307038','Medellin','Colombia','2020-02-13','[]','$argon2id$v=19$m=65536,t=4,p=1$WGsgISjK72TLTYEaoaZfFw$Qe4BdNxjwjecXsC6iPWzmo/ZETffjfmEDQd4GLlzXB8'),(422,'Kempresarial17@hotmail.com','Maria wither','Tamayo Sanchez','3103825815','Medellin','Colombia','2020-02-13','[]','$argon2id$v=19$m=65536,t=4,p=1$tOanhLfncQCn1a1fbUWEcw$J9L7mPi9dITVsO5hzEk3UDbNlFBJ42LPAH7kr3DoCy4'),(423,'lizuvanne@hotmail.com','Zunilda','Palacios rios','3207242774','Medellín','Colombia','2020-02-13','[]','$argon2id$v=19$m=65536,t=4,p=1$a1vkzfnxzk0EMdB/NKK/ng$LyJCApPnQGvmFneza28D0uxtCmLTwripdox+hGCmhwo'),(424,'carlosmariotavera@gmail.com','Carlos Mario','Tavera Medina','312 2441903','El Peñol','Colombia','2020-02-13','[]','$argon2id$v=19$m=65536,t=4,p=1$tSmc6BZiitXHo8aXxkeuDQ$O2CtcrAB+zmBVHRhLKoC8i3U8S5igjNhcGNs3L38vvk'),(425,'archiacabados@gmail.com','Yeison','Toro','311 6080302','Bello','Colombia','2020-02-13','[]','$argon2id$v=19$m=65536,t=4,p=1$RwzllCH5IQLWhPQvwa/C6g$nQCCk2T/vKh9dQ2kJkjrDc/N9PbxFVGfFsWti/mQNds'),(434,'yhonny77g@hotmail.com','Yhonny','Garcia','3148653536','Medellin','Colombia','2020-02-13','[]','$argon2id$v=19$m=65536,t=4,p=1$RH01fDmcV/ZleWAbU48Y9A$MM4Orf8dgzB0cvroH+ReFpzcGBV+c24Sy5IQM1Ss//s'),(435,'yamiletzapatarojo@hotmail.com','yamilet','zapata','31646542822','itagui','colombia','2020-02-13','[]','$argon2id$v=19$m=65536,t=4,p=1$6+rQ8J9pXwNOWBQvpfuJMQ$GkRAQBI8CEjdzZoawzmbJ0ru4k8Lz85dw2D8KSRzKaA'),(436,'cesarruizrojo@hotmail.com','cesar','ruiz','3164642822','itagui','colombia','2020-02-13','[]','$argon2id$v=19$m=65536,t=4,p=1$BC8N2BnJqE0cM1eHpao4WQ$WCH/Eub8Ne0L6YjNfzldkZJyJZnc7T3YZft1BTGigJk'),(437,'lauraruizrojo@hotmail.com','laura','ruiz','3164642822','itagui','colombia','2020-02-13','[]','$argon2id$v=19$m=65536,t=4,p=1$yNUsnqjZ/LwoY8p9iHEhlw$vhC3vAefaS0ZQk2e4tIa7YfHAixfCxBuBKA7XzDkWl0'),(438,'olgaluciarojo@hotmail.com','olga lucia','uribe','3164642822','itagui','colombia','2020-02-13','[]','$argon2id$v=19$m=65536,t=4,p=1$5RL20RadrFEEd33PtcGI8g$0KvJPqlcTzYprFhei3geygUw5TMy5L54CnCaAkN44hQ'),(439,'millerriverarodriguez@gmail.com','Miller','Rivera Rodríguez','3016882844','Copacabana','Colombia','2020-02-13','[]','$argon2id$v=19$m=65536,t=4,p=1$nsW/v6ceuGeOQvYggxbR+Q$CIC5LpQSgeZsplp98KzBunA6UCiHYO5UwWY7aicAioc'),(442,'adrianaacevedorojo@hotmail.com','adriana','acevedo','3164642822','itagui','colombia','2020-02-13','[]','$argon2id$v=19$m=65536,t=4,p=1$k1efe8Nc41hOirGTNmXnEQ$6NHztwxNyJ3KaRxURTZes2GRa+i5b+JVF95Qu5yNyLo'),(443,'camilocano560@gmail.com','Juan Camilo','Cano Garcia','3126505830','EL PEÑOL  ANTIOQUIA','colombia','2020-02-13','[]','$argon2id$v=19$m=65536,t=4,p=1$NLBOy37r1qo6CRBisiMLqw$aoJmoH8LOG2vqfDQeTxGBYfaHGxmlNKdIPV9DL053us'),(444,'yanethsuarez2871@gmail.com','yaneth','suarez','3024644241','EL PEÑOL  ANTIOQUIA','colombia','2020-02-13','[]','$argon2id$v=19$m=65536,t=4,p=1$KaBOg4n4oawEfclcmJtrJw$OpVN/rw5YCK3CUknQ7XYo4OYS2WFkFB4UoD4DKIrhO0'),(445,'juanpo2408@hotmail.com','Juan pablo','Porras carmona','3217357265','Medellin','Colombia','2020-02-13','[]','$argon2id$v=19$m=65536,t=4,p=1$PfAbXsMMGbB+fTrzbunfjA$zfAFIrSLfChpBrBo8KXO3YavPzPgof91RPM1e5cWhKk'),(446,'jhernan-1581@hotmail.com','Jairo Hernán','Mejia franco','3128503360','Medellin','Colombia','2020-02-13','[]','$argon2id$v=19$m=65536,t=4,p=1$cByzuBSl5/xFf5uOWmsGvQ$UL6cXBYTNNELXl51qTd5mNFqb937P8iwc5644WxU74E'),(447,'vivaresjohan@hotmail.com','Johan','Vivares','3114603123','Bello','Colombia','2020-02-13','[]','$argon2id$v=19$m=65536,t=4,p=1$tLI6z1slIZxbq1+LIA+tjg$1050TxXgU4s3bQgPKS3Yf7n7HheJ5VZyn1adgB6sZVU'),(448,'alonsozuluagarojo@hotmail.com','Alonso','Zuluaga','3164642822','dismarcasvehiculos@hotmail.com','Colombia','2020-02-13','[]','$argon2id$v=19$m=65536,t=4,p=1$xKXizj9KEfiVRCNREXI7vA$55z706A8MHm/tOs73db0JuDIILeGismt0ddoQqbVOaY'),(449,'pilararboledarojo@hotmail.com','Pilar','Arboleda','3164642822','Pilararboledarojo@hotmail.com','Colombia','2020-02-13','[]','$argon2id$v=19$m=65536,t=4,p=1$gfDRzlYweLAWL/iAeVqJhQ$oup71ZO1C5r8BTk5fOVCleyLtovZqGqes0aLrZFVyPQ'),(450,'sosapinedajhonalexander@gmail.com','Jhon alexandee','Sosa','3164642822','Medellin','Colombia','2020-02-13','[]','$argon2id$v=19$m=65536,t=4,p=1$9Lx4KLaBea36B5DQr/Y8GQ$ZrL7zaDnUwo4ZBnmfSL11GIQwhneu7VDgl10F7w+rtg'),(452,'jhormanqp04@gmail.com','Jhorman','Quintero porras','3122913948','Medellín','Colombia','2020-02-13','[]','$argon2id$v=19$m=65536,t=4,p=1$9Fr8lXgIgmCZORYYnMTcRw$uaCryngr1vPOTbXX/f967GCadWveKlPY2p+ZD4yZAFM'),(453,'katele2306@gmail.com','Dilan matias','Legarda zapata','3122913948','Medellín','Colombia','2020-02-13','[]','$argon2id$v=19$m=65536,t=4,p=1$0J5teMy35aagSKCzWXLtLw$xtGSExoQT6yXap7cvYUK9XFyvnMvECNAVYn5W6MkP5c'),(459,'maribelsernav@gmail.com','maribel','serna vargas','3185576293','bello','colombia','2020-02-13','[]','$argon2id$v=19$m=65536,t=4,p=1$GTKcLYUtcWHUpXz+My7VRA$t8mYiR+uRuUs0sb14c1JDxJXd85I4j8ThfLMHyIHLFs'),(460,'edgarciarodriguez72@gmail.com','Edgar de Jesús','García rodriguez','3043631259','Mefellin','Colombia','2020-02-13','[]','$argon2id$v=19$m=65536,t=4,p=1$o9b8beEmdhuy6RaIO+jdHg$NE4IFTygydm+eANEhP0jXVUJkBCq+bwtHGcbLHNJdk0'),(462,'florelenapino22@hotmail.com','Flor elena','Pino usuga','3127163269','Medellin','Comombia','2020-02-13','[]','$argon2id$v=19$m=65536,t=4,p=1$Ea2VP0MoYOg5XoIpKcx0EA$XhGleFsvivvh8BkE6kvLBtEaymoRnkJEIObmNIriabc');
/*!40000 ALTER TABLE `user` ENABLE KEYS */;
UNLOCK TABLES;
/*!40103 SET TIME_ZONE=@OLD_TIME_ZONE */;

/*!40101 SET SQL_MODE=@OLD_SQL_MODE */;
/*!40014 SET FOREIGN_KEY_CHECKS=@OLD_FOREIGN_KEY_CHECKS */;
/*!40014 SET UNIQUE_CHECKS=@OLD_UNIQUE_CHECKS */;
/*!40101 SET CHARACTER_SET_CLIENT=@OLD_CHARACTER_SET_CLIENT */;
/*!40101 SET CHARACTER_SET_RESULTS=@OLD_CHARACTER_SET_RESULTS */;
/*!40101 SET COLLATION_CONNECTION=@OLD_COLLATION_CONNECTION */;
/*!40111 SET SQL_NOTES=@OLD_SQL_NOTES */;

-- Dump completed on 2020-02-13 20:23:24
